Gurutto_0-0-Webcam-R-000.png,19.81,0.724
Gurutto_0-0-Webcam-R-001.png,19.74,0.722
Gurutto_0-0-Webcam-R-002.png,19.82,0.730
Gurutto_0-0-Webcam-R-003.png,19.76,0.723
Gurutto_0-0-Webcam-R-004.png,19.95,0.729
Gurutto_0-0-Webcam-R-005.png,20.17,0.732
Gurutto_0-0-Webcam-R-006.png,20.17,0.732
Gurutto_0-0-Webcam-R-007.png,20.14,0.731
Gurutto_0-0-Webcam-R-008.png,20.00,0.731
Gurutto_0-0-Webcam-R-009.png,20.07,0.725
Gurutto_0-0-Webcam-R-010.png,20.35,0.730
Gurutto_0-0-Webcam-R-011.png,20.16,0.726
Gurutto_0-0-Webcam-R-012.png,20.16,0.726
Gurutto_0-0-Webcam-R-013.png,20.37,0.726
Gurutto_0-0-Webcam-R-014.png,20.35,0.726
Gurutto_0-0-Webcam-R-015.png,20.41,0.722
Gurutto_0-0-Webcam-R-016.png,20.67,0.732
Gurutto_0-0-Webcam-R-017.png,20.49,0.725
Gurutto_0-0-Webcam-R-018.png,20.49,0.725
Gurutto_0-0-Webcam-R-019.png,20.27,0.721
Gurutto_0-0-Webcam-R-020.png,20.43,0.721
Gurutto_0-0-Webcam-R-021.png,20.23,0.718
Gurutto_0-0-Webcam-R-022.png,20.20,0.713
Gurutto_0-0-Webcam-R-023.png,20.25,0.712
Gurutto_0-0-Webcam-R-024.png,20.25,0.712
Gurutto_0-0-Webcam-R-025.png,20.44,0.715
Gurutto_0-0-Webcam-R-026.png,20.63,0.727
Gurutto_0-0-Webcam-R-027.png,20.68,0.730
Gurutto_0-0-Webcam-R-028.png,20.82,0.730
Gurutto_0-0-Webcam-R-029.png,20.57,0.725
Gurutto_0-0-Webcam-R-030.png,20.56,0.724
Gurutto_0-0-Webcam-R-031.png,20.54,0.727
Gurutto_0-0-Webcam-R-032.png,20.35,0.719
Gurutto_0-0-Webcam-R-033.png,19.94,0.719
Gurutto_0-0-Webcam-R-034.png,20.10,0.724
Gurutto_0-0-Webcam-R-035.png,19.92,0.717
Gurutto_0-0-Webcam-R-036.png,19.93,0.717
Gurutto_0-0-Webcam-R-037.png,20.09,0.713
Gurutto_0-0-Webcam-R-038.png,20.02,0.720
Gurutto_0-0-Webcam-R-039.png,19.91,0.716
Gurutto_0-0-Webcam-R-040.png,20.06,0.718
Gurutto_0-0-Webcam-R-041.png,19.94,0.716
Gurutto_0-0-Webcam-R-042.png,19.95,0.716
Gurutto_0-0-Webcam-R-043.png,20.02,0.716
Gurutto_0-0-Webcam-R-044.png,19.90,0.713
Gurutto_0-0-Webcam-R-045.png,20.16,0.717
Gurutto_0-0-Webcam-R-046.png,19.80,0.712
Gurutto_0-0-Webcam-R-047.png,19.89,0.715
Gurutto_0-0-Webcam-R-048.png,19.89,0.715
Gurutto_0-0-Webcam-R-049.png,19.74,0.712
Gurutto_0-0-Webcam-R-050.png,19.95,0.713
Gurutto_0-0-Webcam-R-051.png,19.90,0.713
Gurutto_0-0-Webcam-R-052.png,20.11,0.714
Gurutto_0-0-Webcam-R-053.png,20.03,0.711
Gurutto_0-0-Webcam-R-054.png,20.03,0.711
Gurutto_0-0-Webcam-R-055.png,19.89,0.709
Gurutto_0-0-Webcam-R-056.png,20.05,0.709
Gurutto_0-0-Webcam-R-057.png,19.95,0.704
Gurutto_0-0-Webcam-R-058.png,20.09,0.713
Gurutto_0-0-Webcam-R-059.png,20.13,0.712
Gurutto_0-0-Webcam-R-060.png,20.13,0.713
Gurutto_0-0-Webcam-R-061.png,20.13,0.708
Gurutto_0-0-Webcam-R-062.png,20.06,0.709
Gurutto_0-0-Webcam-R-063.png,20.06,0.703
Gurutto_0-0-Webcam-R-064.png,20.29,0.712
Gurutto_0-0-Webcam-R-065.png,20.23,0.716
Gurutto_0-0-Webcam-R-066.png,20.23,0.716
Gurutto_0-0-Webcam-R-067.png,20.14,0.712
Gurutto_0-0-Webcam-R-068.png,20.20,0.710
Gurutto_0-0-Webcam-R-069.png,20.02,0.708
Gurutto_0-0-Webcam-R-070.png,20.37,0.714
Gurutto_0-0-Webcam-R-071.png,20.25,0.708
Gurutto_0-0-Webcam-R-072.png,20.25,0.708
Gurutto_0-0-Webcam-R-073.png,19.95,0.704
Gurutto_0-0-Webcam-R-074.png,19.92,0.704
Gurutto_0-0-Webcam-R-075.png,19.78,0.696
Gurutto_0-0-Webcam-R-076.png,19.78,0.704
Gurutto_0-0-Webcam-R-077.png,19.82,0.706
Gurutto_0-0-Webcam-R-078.png,19.79,0.706
Gurutto_0-0-Webcam-R-079.png,20.04,0.713
Gurutto_0-0-Webcam-R-080.png,20.02,0.707
Gurutto_0-0-Webcam-R-081.png,20.03,0.708
Gurutto_0-0-Webcam-R-082.png,19.94,0.707
Gurutto_0-0-Webcam-R-083.png,19.87,0.703
Gurutto_0-0-Webcam-R-084.png,19.87,0.703
Gurutto_0-0-Webcam-R-085.png,20.21,0.712
Gurutto_0-0-Webcam-R-086.png,20.05,0.708
Gurutto_0-0-Webcam-R-087.png,20.28,0.706
Gurutto_0-0-Webcam-R-088.png,20.29,0.707
Gurutto_0-0-Webcam-R-089.png,20.28,0.712
Gurutto_0-0-Webcam-R-090.png,20.28,0.712
Gurutto_0-0-Webcam-R-091.png,20.16,0.704
Gurutto_0-0-Webcam-R-092.png,20.15,0.706
Gurutto_0-0-Webcam-R-093.png,20.19,0.709
Gurutto_0-0-Webcam-R-094.png,20.06,0.707
Gurutto_0-0-Webcam-R-095.png,20.05,0.704
Gurutto_0-0-Webcam-R-096.png,20.05,0.704
Gurutto_0-0-Webcam-R-097.png,20.26,0.703
Gurutto_0-0-Webcam-R-098.png,20.42,0.713
Gurutto_0-0-Webcam-R-099.png,19.82,0.718
Gurutto_0-0-Webcam-R-100.png,20.00,0.720
Gurutto_0-0-Webcam-R-101.png,20.18,0.721
Gurutto_0-0-Webcam-R-102.png,20.14,0.720
Gurutto_0-0-Webcam-R-103.png,19.95,0.718
Gurutto_0-0-Webcam-R-104.png,20.03,0.713
Gurutto_0-0-Webcam-R-105.png,19.97,0.718
Gurutto_0-0-Webcam-R-106.png,20.01,0.720
Gurutto_0-0-Webcam-R-107.png,19.86,0.714
Gurutto_0-0-Webcam-R-108.png,19.89,0.714
Gurutto_0-0-Webcam-R-109.png,20.14,0.718
Gurutto_0-0-Webcam-R-110.png,20.15,0.717
Gurutto_0-0-Webcam-R-111.png,20.58,0.725
Gurutto_0-0-Webcam-R-112.png,20.50,0.725
Gurutto_0-0-Webcam-R-113.png,20.23,0.716
Gurutto_0-0-Webcam-R-114.png,20.23,0.716
Gurutto_0-0-Webcam-R-115.png,20.10,0.714
Gurutto_0-0-Webcam-R-116.png,19.89,0.712
Gurutto_0-0-Webcam-R-117.png,20.03,0.715
Gurutto_0-0-Webcam-R-118.png,20.11,0.719
Gurutto_0-0-Webcam-R-119.png,20.29,0.719
Gurutto_0-0-Webcam-R-120.png,20.29,0.719
Gurutto_0-0-Webcam-R-121.png,20.29,0.718
Gurutto_0-0-Webcam-R-122.png,20.16,0.715
Gurutto_0-0-Webcam-R-123.png,20.14,0.711
Gurutto_0-0-Webcam-R-124.png,20.08,0.715
Gurutto_0-0-Webcam-R-125.png,20.35,0.721
Gurutto_0-0-Webcam-R-126.png,20.35,0.721
Gurutto_0-0-Webcam-R-127.png,20.41,0.714
Gurutto_0-0-Webcam-R-128.png,20.24,0.718
Gurutto_0-0-Webcam-R-129.png,20.16,0.719
Gurutto_0-0-Webcam-R-130.png,20.20,0.716
Gurutto_0-0-Webcam-R-131.png,20.32,0.718
Gurutto_0-0-Webcam-R-132.png,20.32,0.718
Gurutto_0-0-Webcam-R-133.png,20.15,0.719
Gurutto_0-0-Webcam-R-134.png,20.20,0.717
Gurutto_0-0-Webcam-R-135.png,20.10,0.713
Gurutto_0-0-Webcam-R-136.png,20.15,0.713
Gurutto_0-0-Webcam-R-137.png,20.02,0.706
Gurutto_0-0-Webcam-R-138.png,20.02,0.706
Gurutto_0-0-Webcam-R-139.png,20.28,0.713
Gurutto_0-0-Webcam-R-140.png,20.28,0.709
Gurutto_0-0-Webcam-R-141.png,20.25,0.712
Gurutto_0-0-Webcam-R-142.png,20.25,0.708
Gurutto_0-0-Webcam-R-143.png,20.30,0.709
Gurutto_0-0-Webcam-R-144.png,20.30,0.709
Gurutto_0-0-Webcam-R-145.png,20.25,0.710
Gurutto_0-0-Webcam-R-146.png,20.30,0.711
Gurutto_0-0-Webcam-R-147.png,20.17,0.714
Gurutto_0-0-Webcam-R-148.png,20.20,0.711
Gurutto_0-0-Webcam-R-149.png,20.29,0.710
Gurutto_0-0-Webcam-R-150.png,19.72,0.714
Gurutto_0-0-Webcam-R-151.png,19.67,0.711
Gurutto_0-0-Webcam-R-152.png,19.78,0.714
Gurutto_0-0-Webcam-R-153.png,19.86,0.718
Gurutto_0-0-Webcam-R-154.png,19.91,0.715
Gurutto_0-0-Webcam-R-155.png,19.95,0.718
Gurutto_0-0-Webcam-R-156.png,19.94,0.718
Gurutto_0-0-Webcam-R-157.png,19.85,0.714
Gurutto_0-0-Webcam-R-158.png,19.84,0.711
Gurutto_0-0-Webcam-R-159.png,20.08,0.710
Gurutto_0-0-Webcam-R-160.png,20.01,0.712
Gurutto_0-0-Webcam-R-161.png,19.83,0.710
Gurutto_0-0-Webcam-R-162.png,19.83,0.710
Gurutto_0-0-Webcam-R-163.png,19.83,0.707
Gurutto_0-0-Webcam-R-164.png,19.81,0.702
Gurutto_0-0-Webcam-R-165.png,19.83,0.724
Gurutto_0-0-Webcam-R-166.png,19.67,0.720
Gurutto_0-0-Webcam-R-167.png,19.86,0.723
Gurutto_0-0-Webcam-R-168.png,19.87,0.724
Gurutto_0-0-Webcam-R-169.png,19.68,0.713
Gurutto_0-0-Webcam-R-170.png,19.51,0.715
Gurutto_0-0-Webcam-R-171.png,19.79,0.716
Gurutto_0-0-Webcam-R-172.png,19.73,0.714
Gurutto_0-0-Webcam-R-173.png,19.78,0.714
Gurutto_0-0-Webcam-R-174.png,19.77,0.714
Gurutto_0-0-Webcam-R-175.png,19.77,0.709
Gurutto_0-0-Webcam-R-176.png,20.02,0.714
Gurutto_0-0-Webcam-R-177.png,20.06,0.712
Gurutto_0-0-Webcam-R-178.png,19.77,0.708
Gurutto_0-0-Webcam-R-179.png,19.51,0.709
Gurutto_0-0-Webcam-R-180.png,19.47,0.708
Gurutto_0-0-Webcam-R-181.png,19.56,0.704
Gurutto_0-0-Webcam-R-182.png,19.60,0.706
Gurutto_0-0-Webcam-R-183.png,19.51,0.707
Gurutto_0-0-Webcam-R-184.png,19.62,0.709
Gurutto_0-0-Webcam-R-185.png,19.33,0.701
Gurutto_0-0-Webcam-R-186.png,19.33,0.701
Gurutto_0-0-Webcam-R-187.png,19.33,0.700
Gurutto_0-0-Webcam-R-188.png,19.35,0.700
Gurutto_0-0-Webcam-R-189.png,19.31,0.695
Gurutto_0-0-Webcam-R-190.png,19.52,0.700
Gurutto_0-0-Webcam-R-191.png,19.54,0.701
Gurutto_0-0-Webcam-R-192.png,19.53,0.700
Gurutto_0-0-Webcam-R-193.png,19.66,0.703
Gurutto_0-0-Webcam-R-194.png,19.59,0.701
Gurutto_0-0-Webcam-R-195.png,19.62,0.704
Gurutto_0-0-Webcam-R-196.png,19.77,0.707
Gurutto_0-0-Webcam-R-197.png,19.62,0.701
Gurutto_0-0-Webcam-R-198.png,19.62,0.701
Gurutto_0-0-Webcam-R-199.png,19.96,0.700
Gurutto_0-0-Webcam-R-200.png,19.69,0.696
Gurutto_0-0-Webcam-R-201.png,19.74,0.701
Gurutto_0-0-Webcam-R-202.png,19.82,0.700
Gurutto_0-0-Webcam-R-203.png,19.74,0.696
Gurutto_0-0-Webcam-R-204.png,19.74,0.696
Gurutto_0-0-Webcam-R-205.png,19.64,0.694
Gurutto_0-0-Webcam-R-206.png,19.55,0.691
Gurutto_0-0-Webcam-R-207.png,19.77,0.696
Gurutto_0-0-Webcam-R-208.png,19.62,0.695
Gurutto_0-0-Webcam-R-209.png,19.75,0.693
Gurutto_0-0-Webcam-R-210.png,19.75,0.693
Gurutto_0-0-Webcam-R-211.png,19.38,0.689
Gurutto_0-0-Webcam-R-212.png,19.52,0.694
Gurutto_0-0-Webcam-R-213.png,19.43,0.684
Gurutto_0-0-Webcam-R-214.png,19.59,0.697
Gurutto_0-0-Webcam-R-215.png,19.59,0.696
Gurutto_0-0-Webcam-R-216.png,19.59,0.696
Gurutto_0-0-Webcam-R-217.png,19.74,0.693
Gurutto_0-0-Webcam-R-218.png,19.57,0.694
Gurutto_0-0-Webcam-R-219.png,19.53,0.692
Gurutto_0-0-Webcam-R-220.png,19.50,0.698
Gurutto_0-0-Webcam-R-221.png,19.37,0.690
Gurutto_0-0-Webcam-R-222.png,19.37,0.690
Gurutto_0-0-Webcam-R-223.png,19.54,0.699
Gurutto_0-0-Webcam-R-224.png,19.62,0.705
Gurutto_0-0-Webcam-R-225.png,19.61,0.703
Gurutto_0-0-Webcam-R-226.png,19.43,0.702
Gurutto_0-0-Webcam-R-227.png,19.55,0.698
Gurutto_0-0-Webcam-R-228.png,19.55,0.698
Gurutto_0-0-Webcam-R-229.png,19.69,0.701
Gurutto_0-0-Webcam-R-230.png,19.68,0.701
Gurutto_0-0-Webcam-R-231.png,19.56,0.712
Gurutto_0-0-Webcam-R-232.png,19.87,0.715
Gurutto_0-0-Webcam-R-233.png,19.77,0.710
Gurutto_0-0-Webcam-R-234.png,19.79,0.710
Gurutto_0-0-Webcam-R-235.png,19.58,0.708
Gurutto_0-0-Webcam-R-236.png,19.75,0.710
Gurutto_0-0-Webcam-R-237.png,19.68,0.713
Gurutto_0-0-Webcam-R-238.png,19.26,0.706
Gurutto_0-0-Webcam-R-239.png,19.25,0.704
Gurutto_0-0-Webcam-R-240.png,19.25,0.704
Gurutto_0-0-Webcam-R-241.png,19.61,0.708
Gurutto_0-0-Webcam-R-242.png,19.54,0.700
Gurutto_0-0-Webcam-R-243.png,19.41,0.703
Gurutto_0-0-Webcam-R-244.png,19.49,0.707
Gurutto_0-0-Webcam-R-245.png,19.54,0.707
Gurutto_0-0-Webcam-R-246.png,19.54,0.707
Gurutto_0-0-Webcam-R-247.png,19.49,0.702
Gurutto_0-0-Webcam-R-248.png,19.58,0.701
Gurutto_0-0-Webcam-R-249.png,19.69,0.698
Gurutto_0-0-Webcam-R-250.png,19.52,0.693
Gurutto_0-0-Webcam-R-251.png,19.48,0.696
Gurutto_0-0-Webcam-R-252.png,19.48,0.696
Gurutto_0-0-Webcam-R-253.png,19.70,0.700
Gurutto_0-0-Webcam-R-254.png,19.69,0.703
Gurutto_0-0-Webcam-R-255.png,19.63,0.698
Gurutto_0-0-Webcam-R-256.png,19.48,0.696
Gurutto_0-0-Webcam-R-257.png,19.55,0.697
Gurutto_0-0-Webcam-R-258.png,19.58,0.697
Gurutto_0-0-Webcam-R-259.png,19.48,0.694
Gurutto_0-0-Webcam-R-260.png,19.54,0.695
Gurutto_0-0-Webcam-R-261.png,19.49,0.694
Gurutto_0-0-Webcam-R-262.png,19.38,0.693
Gurutto_0-0-Webcam-R-263.png,19.32,0.690
Gurutto_0-0-Webcam-R-264.png,19.32,0.690
Gurutto_0-0-Webcam-R-265.png,19.11,0.683
Gurutto_0-0-Webcam-R-266.png,19.26,0.690
Gurutto_0-0-Webcam-R-267.png,19.22,0.685
Gurutto_0-0-Webcam-R-268.png,19.26,0.681
Gurutto_0-0-Webcam-R-269.png,19.18,0.680
Gurutto_0-0-Webcam-R-270.png,19.19,0.680
Gurutto_0-0-Webcam-R-271.png,19.50,0.687
Gurutto_0-0-Webcam-R-272.png,19.32,0.690
Gurutto_0-0-Webcam-R-273.png,19.40,0.689
Gurutto_0-0-Webcam-R-274.png,19.35,0.687
Gurutto_0-0-Webcam-R-275.png,19.40,0.684
Gurutto_0-0-Webcam-R-276.png,19.40,0.684
Gurutto_0-0-Webcam-R-277.png,19.16,0.678
Gurutto_0-0-Webcam-R-278.png,19.15,0.676
Gurutto_0-0-Webcam-R-279.png,19.32,0.684
Gurutto_0-0-Webcam-R-280.png,19.39,0.689
Gurutto_0-0-Webcam-R-281.png,19.30,0.688
Gurutto_0-0-Webcam-R-282.png,19.31,0.688
Gurutto_0-0-Webcam-R-283.png,19.48,0.691
Gurutto_0-0-Webcam-R-284.png,19.12,0.683
Gurutto_0-0-Webcam-R-285.png,19.39,0.693
Gurutto_0-0-Webcam-R-286.png,19.43,0.696
Gurutto_0-0-Webcam-R-287.png,19.29,0.691
Gurutto_0-0-Webcam-R-288.png,19.29,0.691
Gurutto_0-0-Webcam-R-289.png,19.43,0.691
Gurutto_0-0-Webcam-R-290.png,19.30,0.688
Gurutto_0-0-Webcam-R-291.png,19.21,0.685
Gurutto_0-0-Webcam-R-292.png,19.09,0.681
Gurutto_0-0-Webcam-R-293.png,19.30,0.689
Gurutto_0-0-Webcam-R-294.png,19.31,0.690
Gurutto_0-0-Webcam-R-295.png,19.42,0.692
Gurutto_0-0-Webcam-R-296.png,19.52,0.693
Gurutto_0-0-Webcam-R-297.png,18.74,0.697
Gurutto_0-0-Webcam-R-298.png,18.66,0.698
Gurutto_0-0-Webcam-R-299.png,18.86,0.700
M1135_0-0-Webcam-R-000.png,14.73,0.438
M1135_0-0-Webcam-R-001.png,14.71,0.436
M1135_0-0-Webcam-R-002.png,14.61,0.428
M1135_0-0-Webcam-R-003.png,14.61,0.428
M1135_0-0-Webcam-R-004.png,14.59,0.427
M1135_0-0-Webcam-R-005.png,14.52,0.422
M1135_0-0-Webcam-R-006.png,14.62,0.428
M1135_0-0-Webcam-R-007.png,14.57,0.425
M1135_0-0-Webcam-R-008.png,14.93,0.441
M1135_0-0-Webcam-R-009.png,14.93,0.441
M1135_0-0-Webcam-R-010.png,14.91,0.438
M1135_0-0-Webcam-R-011.png,14.91,0.438
M1135_0-0-Webcam-R-012.png,14.98,0.438
M1135_0-0-Webcam-R-013.png,15.00,0.438
M1135_0-0-Webcam-R-014.png,15.01,0.435
M1135_0-0-Webcam-R-015.png,15.01,0.435
M1135_0-0-Webcam-R-016.png,15.03,0.437
M1135_0-0-Webcam-R-017.png,14.96,0.432
M1135_0-0-Webcam-R-018.png,14.07,0.362
M1135_0-0-Webcam-R-019.png,13.54,0.336
M1135_0-0-Webcam-R-020.png,13.48,0.332
M1135_0-0-Webcam-R-021.png,13.48,0.332
M1135_0-0-Webcam-R-022.png,13.46,0.329
M1135_0-0-Webcam-R-023.png,13.43,0.327
M1135_0-0-Webcam-R-024.png,13.45,0.326
M1135_0-0-Webcam-R-025.png,13.34,0.320
M1135_0-0-Webcam-R-026.png,13.34,0.320
M1135_0-0-Webcam-R-027.png,13.34,0.320
M1135_0-0-Webcam-R-028.png,13.36,0.322
M1135_0-0-Webcam-R-029.png,13.52,0.328
M1135_0-0-Webcam-R-030.png,14.26,0.385
M1135_0-0-Webcam-R-031.png,14.24,0.384
M1135_0-0-Webcam-R-032.png,14.24,0.384
M1135_0-0-Webcam-R-033.png,14.24,0.384
M1135_0-0-Webcam-R-034.png,14.26,0.386
M1135_0-0-Webcam-R-035.png,14.26,0.386
M1135_0-0-Webcam-R-036.png,14.27,0.387
M1135_0-0-Webcam-R-037.png,14.19,0.381
M1135_0-0-Webcam-R-038.png,14.16,0.379
M1135_0-0-Webcam-R-039.png,14.16,0.379
M1135_0-0-Webcam-R-040.png,14.13,0.377
M1135_0-0-Webcam-R-041.png,14.11,0.374
M1135_0-0-Webcam-R-042.png,13.09,0.294
M1135_0-0-Webcam-R-043.png,13.25,0.308
M1135_0-0-Webcam-R-044.png,13.32,0.317
M1135_0-0-Webcam-R-045.png,13.31,0.316
M1135_0-0-Webcam-R-046.png,13.29,0.312
M1135_0-0-Webcam-R-047.png,13.31,0.309
M1135_0-0-Webcam-R-048.png,13.31,0.309
M1135_0-0-Webcam-R-049.png,13.33,0.311
M1135_0-0-Webcam-R-050.png,13.33,0.311
M1135_0-0-Webcam-R-051.png,13.33,0.311
M1135_0-0-Webcam-R-052.png,13.47,0.317
M1135_0-0-Webcam-R-053.png,13.47,0.317
M1135_0-0-Webcam-R-054.png,13.47,0.316
M1135_0-0-Webcam-R-055.png,13.43,0.313
M1135_0-0-Webcam-R-056.png,13.43,0.314
M1135_0-0-Webcam-R-057.png,13.43,0.314
M1135_0-0-Webcam-R-058.png,13.45,0.316
M1135_0-0-Webcam-R-059.png,13.47,0.314
M1135_0-0-Webcam-R-060.png,14.05,0.352
M1135_0-0-Webcam-R-061.png,14.09,0.357
M1135_0-0-Webcam-R-062.png,14.06,0.354
M1135_0-0-Webcam-R-063.png,14.06,0.354
M1135_0-0-Webcam-R-064.png,14.11,0.359
M1135_0-0-Webcam-R-065.png,14.28,0.372
M1135_0-0-Webcam-R-066.png,13.46,0.321
M1135_0-0-Webcam-R-067.png,13.47,0.319
M1135_0-0-Webcam-R-068.png,13.46,0.318
M1135_0-0-Webcam-R-069.png,13.46,0.318
M1135_0-0-Webcam-R-070.png,13.42,0.316
M1135_0-0-Webcam-R-071.png,13.40,0.314
M1135_0-0-Webcam-R-072.png,13.40,0.315
M1135_0-0-Webcam-R-073.png,13.36,0.311
M1135_0-0-Webcam-R-074.png,13.44,0.318
M1135_0-0-Webcam-R-075.png,13.44,0.318
M1135_0-0-Webcam-R-076.png,13.43,0.318
M1135_0-0-Webcam-R-077.png,13.36,0.310
M1135_0-0-Webcam-R-078.png,13.26,0.299
M1135_0-0-Webcam-R-079.png,13.25,0.298
M1135_0-0-Webcam-R-080.png,13.24,0.297
M1135_0-0-Webcam-R-081.png,13.24,0.297
M1135_0-0-Webcam-R-082.png,13.21,0.294
M1135_0-0-Webcam-R-083.png,13.20,0.294
M1135_0-0-Webcam-R-084.png,13.22,0.298
M1135_0-0-Webcam-R-085.png,13.22,0.298
M1135_0-0-Webcam-R-086.png,13.22,0.298
M1135_0-0-Webcam-R-087.png,13.22,0.298
M1135_0-0-Webcam-R-088.png,13.24,0.298
M1135_0-0-Webcam-R-089.png,13.24,0.299
M1135_0-0-Webcam-R-090.png,14.57,0.415
M1135_0-0-Webcam-R-091.png,14.57,0.415
M1135_0-0-Webcam-R-092.png,14.51,0.411
M1135_0-0-Webcam-R-093.png,14.51,0.411
M1135_0-0-Webcam-R-094.png,14.50,0.410
M1135_0-0-Webcam-R-095.png,14.50,0.410
M1135_0-0-Webcam-R-096.png,14.50,0.410
M1135_0-0-Webcam-R-097.png,14.50,0.410
M1135_0-0-Webcam-R-098.png,14.45,0.406
M1135_0-0-Webcam-R-099.png,14.45,0.406
M1135_0-0-Webcam-R-100.png,14.44,0.405
M1135_0-0-Webcam-R-101.png,14.47,0.406
M1135_0-0-Webcam-R-102.png,14.47,0.406
M1135_0-0-Webcam-R-103.png,14.46,0.405
M1135_0-0-Webcam-R-104.png,14.43,0.405
M1135_0-0-Webcam-R-105.png,14.43,0.405
M1135_0-0-Webcam-R-106.png,14.41,0.403
M1135_0-0-Webcam-R-107.png,14.41,0.403
M1135_0-0-Webcam-R-108.png,14.48,0.404
M1135_0-0-Webcam-R-109.png,14.45,0.402
M1135_0-0-Webcam-R-110.png,14.41,0.400
M1135_0-0-Webcam-R-111.png,14.41,0.400
M1135_0-0-Webcam-R-112.png,14.39,0.399
M1135_0-0-Webcam-R-113.png,14.38,0.398
M1135_0-0-Webcam-R-114.png,13.13,0.319
M1135_0-0-Webcam-R-115.png,13.12,0.309
M1135_0-0-Webcam-R-116.png,13.12,0.309
M1135_0-0-Webcam-R-117.png,13.12,0.309
M1135_0-0-Webcam-R-118.png,13.14,0.311
M1135_0-0-Webcam-R-119.png,13.13,0.311
M1135_0-0-Webcam-R-120.png,14.01,0.383
M1135_0-0-Webcam-R-121.png,13.88,0.372
M1135_0-0-Webcam-R-122.png,13.82,0.365
M1135_0-0-Webcam-R-123.png,13.82,0.365
M1135_0-0-Webcam-R-124.png,13.83,0.366
M1135_0-0-Webcam-R-125.png,13.84,0.368
M1135_0-0-Webcam-R-126.png,13.80,0.364
M1135_0-0-Webcam-R-127.png,13.81,0.365
M1135_0-0-Webcam-R-128.png,13.81,0.365
M1135_0-0-Webcam-R-129.png,13.81,0.365
M1135_0-0-Webcam-R-130.png,13.85,0.369
M1135_0-0-Webcam-R-131.png,13.80,0.364
M1135_0-0-Webcam-R-132.png,13.80,0.364
M1135_0-0-Webcam-R-133.png,13.84,0.367
M1135_0-0-Webcam-R-134.png,13.86,0.370
M1135_0-0-Webcam-R-135.png,13.86,0.370
M1135_0-0-Webcam-R-136.png,13.88,0.371
M1135_0-0-Webcam-R-137.png,13.90,0.374
M1135_0-0-Webcam-R-138.png,13.23,0.310
M1135_0-0-Webcam-R-139.png,13.32,0.330
M1135_0-0-Webcam-R-140.png,13.28,0.325
M1135_0-0-Webcam-R-141.png,13.28,0.325
M1135_0-0-Webcam-R-142.png,13.29,0.326
M1135_0-0-Webcam-R-143.png,13.23,0.321
M1135_0-0-Webcam-R-144.png,13.24,0.323
M1135_0-0-Webcam-R-145.png,13.26,0.319
M1135_0-0-Webcam-R-146.png,13.36,0.330
M1135_0-0-Webcam-R-147.png,13.36,0.330
M1135_0-0-Webcam-R-148.png,13.32,0.328
M1135_0-0-Webcam-R-149.png,13.31,0.328
M1135_0-0-Webcam-R-150.png,13.55,0.366
M1135_0-0-Webcam-R-151.png,13.51,0.363
M1135_0-0-Webcam-R-152.png,13.53,0.364
M1135_0-0-Webcam-R-153.png,13.53,0.364
M1135_0-0-Webcam-R-154.png,13.84,0.374
M1135_0-0-Webcam-R-155.png,13.85,0.376
M1135_0-0-Webcam-R-156.png,13.85,0.376
M1135_0-0-Webcam-R-157.png,13.84,0.375
M1135_0-0-Webcam-R-158.png,13.84,0.375
M1135_0-0-Webcam-R-159.png,13.84,0.375
M1135_0-0-Webcam-R-160.png,13.93,0.382
M1135_0-0-Webcam-R-161.png,13.92,0.380
M1135_0-0-Webcam-R-162.png,13.86,0.368
M1135_0-0-Webcam-R-163.png,13.52,0.353
M1135_0-0-Webcam-R-164.png,13.57,0.360
M1135_0-0-Webcam-R-165.png,13.57,0.360
M1135_0-0-Webcam-R-166.png,13.59,0.363
M1135_0-0-Webcam-R-167.png,13.58,0.362
M1135_0-0-Webcam-R-168.png,13.57,0.361
M1135_0-0-Webcam-R-169.png,13.54,0.358
M1135_0-0-Webcam-R-170.png,13.54,0.358
M1135_0-0-Webcam-R-171.png,13.54,0.358
M1135_0-0-Webcam-R-172.png,13.54,0.358
M1135_0-0-Webcam-R-173.png,13.54,0.358
M1135_0-0-Webcam-R-174.png,13.54,0.358
M1135_0-0-Webcam-R-175.png,13.46,0.350
M1135_0-0-Webcam-R-176.png,13.46,0.350
M1135_0-0-Webcam-R-177.png,13.46,0.350
M1135_0-0-Webcam-R-178.png,13.46,0.350
M1135_0-0-Webcam-R-179.png,13.46,0.350
M1135_0-0-Webcam-R-180.png,14.54,0.418
M1135_0-0-Webcam-R-181.png,14.54,0.418
M1135_0-0-Webcam-R-182.png,14.50,0.415
M1135_0-0-Webcam-R-183.png,14.50,0.415
M1135_0-0-Webcam-R-184.png,14.50,0.415
M1135_0-0-Webcam-R-185.png,14.50,0.415
M1135_0-0-Webcam-R-186.png,12.96,0.257
M1135_0-0-Webcam-R-187.png,13.03,0.266
M1135_0-0-Webcam-R-188.png,13.03,0.266
M1135_0-0-Webcam-R-189.png,13.04,0.267
M1135_0-0-Webcam-R-190.png,13.04,0.267
M1135_0-0-Webcam-R-191.png,13.04,0.267
M1135_0-0-Webcam-R-192.png,13.04,0.267
M1135_0-0-Webcam-R-193.png,13.04,0.267
M1135_0-0-Webcam-R-194.png,13.04,0.267
M1135_0-0-Webcam-R-195.png,13.04,0.267
M1135_0-0-Webcam-R-196.png,13.04,0.267
M1135_0-0-Webcam-R-197.png,13.04,0.267
M1135_0-0-Webcam-R-198.png,13.03,0.266
M1135_0-0-Webcam-R-199.png,13.03,0.266
M1135_0-0-Webcam-R-200.png,13.02,0.266
M1135_0-0-Webcam-R-201.png,13.02,0.266
M1135_0-0-Webcam-R-202.png,13.02,0.266
M1135_0-0-Webcam-R-203.png,13.02,0.266
M1135_0-0-Webcam-R-204.png,13.02,0.266
M1135_0-0-Webcam-R-205.png,13.02,0.266
M1135_0-0-Webcam-R-206.png,13.02,0.266
M1135_0-0-Webcam-R-207.png,13.02,0.266
M1135_0-0-Webcam-R-208.png,13.02,0.266
M1135_0-0-Webcam-R-209.png,13.02,0.266
M1135_0-0-Webcam-R-210.png,13.94,0.342
M1135_0-0-Webcam-R-211.png,13.91,0.340
M1135_0-0-Webcam-R-212.png,13.91,0.340
M1135_0-0-Webcam-R-213.png,13.91,0.340
M1135_0-0-Webcam-R-214.png,13.93,0.342
M1135_0-0-Webcam-R-215.png,13.91,0.340
M1135_0-0-Webcam-R-216.png,13.91,0.341
M1135_0-0-Webcam-R-217.png,13.91,0.341
M1135_0-0-Webcam-R-218.png,13.91,0.341
M1135_0-0-Webcam-R-219.png,13.91,0.341
M1135_0-0-Webcam-R-220.png,13.91,0.341
M1135_0-0-Webcam-R-221.png,13.91,0.341
M1135_0-0-Webcam-R-222.png,13.91,0.341
M1135_0-0-Webcam-R-223.png,13.91,0.341
M1135_0-0-Webcam-R-224.png,13.91,0.341
M1135_0-0-Webcam-R-225.png,13.91,0.341
M1135_0-0-Webcam-R-226.png,13.91,0.341
M1135_0-0-Webcam-R-227.png,13.91,0.341
M1135_0-0-Webcam-R-228.png,13.91,0.341
M1135_0-0-Webcam-R-229.png,13.91,0.341
M1135_0-0-Webcam-R-230.png,14.01,0.343
M1135_0-0-Webcam-R-231.png,14.01,0.343
M1135_0-0-Webcam-R-232.png,14.01,0.343
M1135_0-0-Webcam-R-233.png,14.01,0.343
M1135_0-0-Webcam-R-234.png,13.38,0.309
M1135_0-0-Webcam-R-235.png,13.16,0.307
M1135_0-0-Webcam-R-236.png,13.16,0.307
M1135_0-0-Webcam-R-237.png,13.16,0.307
M1135_0-0-Webcam-R-238.png,13.16,0.307
M1135_0-0-Webcam-R-239.png,13.16,0.307
M1135_0-0-Webcam-R-240.png,13.30,0.324
M1135_0-0-Webcam-R-241.png,13.30,0.324
M1135_0-0-Webcam-R-242.png,13.30,0.324
M1135_0-0-Webcam-R-243.png,13.30,0.324
M1135_0-0-Webcam-R-244.png,13.30,0.324
M1135_0-0-Webcam-R-245.png,13.30,0.324
M1135_0-0-Webcam-R-246.png,13.28,0.322
M1135_0-0-Webcam-R-247.png,13.27,0.321
M1135_0-0-Webcam-R-248.png,13.22,0.315
M1135_0-0-Webcam-R-249.png,13.21,0.315
M1135_0-0-Webcam-R-250.png,13.30,0.322
M1135_0-0-Webcam-R-251.png,13.30,0.322
M1135_0-0-Webcam-R-252.png,13.30,0.322
M1135_0-0-Webcam-R-253.png,13.39,0.322
M1135_0-0-Webcam-R-254.png,13.39,0.322
M1135_0-0-Webcam-R-255.png,13.39,0.322
M1135_0-0-Webcam-R-256.png,13.39,0.322
M1135_0-0-Webcam-R-257.png,13.39,0.322
M1135_0-0-Webcam-R-258.png,13.34,0.321
M1135_0-0-Webcam-R-259.png,13.28,0.319
M1135_0-0-Webcam-R-260.png,13.25,0.316
M1135_0-0-Webcam-R-261.png,13.25,0.316
M1135_0-0-Webcam-R-262.png,13.24,0.316
M1135_0-0-Webcam-R-263.png,13.24,0.316
M1135_0-0-Webcam-R-264.png,13.27,0.318
M1135_0-0-Webcam-R-265.png,13.23,0.316
M1135_0-0-Webcam-R-266.png,13.24,0.317
M1135_0-0-Webcam-R-267.png,13.24,0.317
M1135_0-0-Webcam-R-268.png,13.26,0.316
M1135_0-0-Webcam-R-269.png,13.27,0.317
M1135_0-0-Webcam-R-270.png,14.51,0.419
M1135_0-0-Webcam-R-271.png,14.32,0.397
M1135_0-0-Webcam-R-272.png,14.33,0.398
M1135_0-0-Webcam-R-273.png,14.33,0.398
M1135_0-0-Webcam-R-274.png,14.32,0.397
M1135_0-0-Webcam-R-275.png,14.29,0.395
M1135_0-0-Webcam-R-276.png,14.29,0.395
M1135_0-0-Webcam-R-277.png,14.33,0.399
M1135_0-0-Webcam-R-278.png,14.34,0.401
M1135_0-0-Webcam-R-279.png,14.34,0.401
M1135_0-0-Webcam-R-280.png,14.38,0.404
M1135_0-0-Webcam-R-281.png,14.40,0.407
M1135_0-0-Webcam-R-282.png,13.73,0.358
M1135_0-0-Webcam-R-283.png,13.58,0.351
M1135_0-0-Webcam-R-284.png,13.63,0.356
M1135_0-0-Webcam-R-285.png,13.63,0.357
M1135_0-0-Webcam-R-286.png,13.67,0.360
M1135_0-0-Webcam-R-287.png,13.61,0.351
M1135_0-0-Webcam-R-288.png,13.60,0.349
M1135_0-0-Webcam-R-289.png,13.61,0.350
M1135_0-0-Webcam-R-290.png,13.71,0.351
M1135_0-0-Webcam-R-291.png,13.71,0.351
M1135_0-0-Webcam-R-292.png,13.70,0.351
M1135_0-0-Webcam-R-293.png,13.57,0.337
M1135_0-0-Webcam-R-294.png,13.65,0.348
M1135_0-0-Webcam-R-295.png,13.57,0.338
M1135_0-0-Webcam-R-296.png,13.58,0.340
M1135_0-0-Webcam-R-297.png,13.58,0.340
M1135_0-0-Webcam-R-298.png,13.56,0.337
M1135_0-0-Webcam-R-299.png,13.54,0.336
Oinari_0-0-Webcam-R-000.png,20.41,0.549
Oinari_0-0-Webcam-R-001.png,20.41,0.549
Oinari_0-0-Webcam-R-002.png,19.88,0.578
Oinari_0-0-Webcam-R-003.png,19.88,0.578
Oinari_0-0-Webcam-R-004.png,19.88,0.578
Oinari_0-0-Webcam-R-005.png,20.49,0.598
Oinari_0-0-Webcam-R-006.png,20.48,0.598
Oinari_0-0-Webcam-R-007.png,20.48,0.598
Oinari_0-0-Webcam-R-008.png,20.57,0.530
Oinari_0-0-Webcam-R-009.png,20.84,0.514
Oinari_0-0-Webcam-R-010.png,20.84,0.514
Oinari_0-0-Webcam-R-011.png,20.68,0.583
Oinari_0-0-Webcam-R-012.png,20.68,0.583
Oinari_0-0-Webcam-R-013.png,20.68,0.583
Oinari_0-0-Webcam-R-014.png,21.22,0.589
Oinari_0-0-Webcam-R-015.png,21.22,0.589
Oinari_0-0-Webcam-R-016.png,21.22,0.589
Oinari_0-0-Webcam-R-017.png,21.49,0.615
Oinari_0-0-Webcam-R-018.png,21.49,0.615
Oinari_0-0-Webcam-R-019.png,21.49,0.615
Oinari_0-0-Webcam-R-020.png,20.84,0.603
Oinari_0-0-Webcam-R-021.png,20.84,0.603
Oinari_0-0-Webcam-R-022.png,20.84,0.603
Oinari_0-0-Webcam-R-023.png,21.03,0.606
Oinari_0-0-Webcam-R-024.png,21.03,0.606
Oinari_0-0-Webcam-R-025.png,21.03,0.606
Oinari_0-0-Webcam-R-026.png,21.13,0.614
Oinari_0-0-Webcam-R-027.png,21.13,0.614
Oinari_0-0-Webcam-R-028.png,21.13,0.614
Oinari_0-0-Webcam-R-029.png,21.70,0.623
Oinari_0-0-Webcam-R-030.png,21.70,0.623
Oinari_0-0-Webcam-R-031.png,21.70,0.623
Oinari_0-0-Webcam-R-032.png,21.58,0.633
Oinari_0-0-Webcam-R-033.png,21.54,0.633
Oinari_0-0-Webcam-R-034.png,21.54,0.633
Oinari_0-0-Webcam-R-035.png,20.62,0.613
Oinari_0-0-Webcam-R-036.png,20.62,0.613
Oinari_0-0-Webcam-R-037.png,20.62,0.613
Oinari_0-0-Webcam-R-038.png,21.07,0.639
Oinari_0-0-Webcam-R-039.png,20.29,0.629
Oinari_0-0-Webcam-R-040.png,20.29,0.629
Oinari_0-0-Webcam-R-041.png,20.05,0.597
Oinari_0-0-Webcam-R-042.png,20.05,0.597
Oinari_0-0-Webcam-R-043.png,20.05,0.597
Oinari_0-0-Webcam-R-044.png,21.50,0.639
Oinari_0-0-Webcam-R-045.png,21.50,0.639
Oinari_0-0-Webcam-R-046.png,21.50,0.639
Oinari_0-0-Webcam-R-047.png,21.51,0.616
Oinari_0-0-Webcam-R-048.png,21.44,0.616
Oinari_0-0-Webcam-R-049.png,21.44,0.616
Oinari_0-0-Webcam-R-050.png,20.75,0.586
Oinari_0-0-Webcam-R-051.png,20.75,0.586
Oinari_0-0-Webcam-R-052.png,20.75,0.586
Oinari_0-0-Webcam-R-053.png,20.93,0.550
Oinari_0-0-Webcam-R-054.png,20.93,0.550
Oinari_0-0-Webcam-R-055.png,20.93,0.550
Oinari_0-0-Webcam-R-056.png,21.25,0.585
Oinari_0-0-Webcam-R-057.png,21.23,0.585
Oinari_0-0-Webcam-R-058.png,21.23,0.585
Oinari_0-0-Webcam-R-059.png,21.05,0.594
Oinari_0-0-Webcam-R-060.png,21.05,0.594
Oinari_0-0-Webcam-R-061.png,21.05,0.594
Oinari_0-0-Webcam-R-062.png,20.79,0.568
Oinari_0-0-Webcam-R-063.png,20.79,0.568
Oinari_0-0-Webcam-R-064.png,20.79,0.568
Oinari_0-0-Webcam-R-065.png,21.14,0.569
Oinari_0-0-Webcam-R-066.png,21.14,0.569
Oinari_0-0-Webcam-R-067.png,21.14,0.569
Oinari_0-0-Webcam-R-068.png,19.10,0.496
Oinari_0-0-Webcam-R-069.png,19.03,0.492
Oinari_0-0-Webcam-R-070.png,19.03,0.492
Oinari_0-0-Webcam-R-071.png,19.70,0.491
Oinari_0-0-Webcam-R-072.png,19.70,0.491
Oinari_0-0-Webcam-R-073.png,19.70,0.491
Oinari_0-0-Webcam-R-074.png,20.49,0.559
Oinari_0-0-Webcam-R-075.png,20.49,0.559
Oinari_0-0-Webcam-R-076.png,20.49,0.559
Oinari_0-0-Webcam-R-077.png,19.74,0.546
Oinari_0-0-Webcam-R-078.png,19.74,0.546
Oinari_0-0-Webcam-R-079.png,19.74,0.546
Oinari_0-0-Webcam-R-080.png,20.83,0.605
Oinari_0-0-Webcam-R-081.png,20.83,0.605
Oinari_0-0-Webcam-R-082.png,20.83,0.605
Oinari_0-0-Webcam-R-083.png,20.67,0.592
Oinari_0-0-Webcam-R-084.png,20.69,0.595
Oinari_0-0-Webcam-R-085.png,20.69,0.595
Oinari_0-0-Webcam-R-086.png,20.59,0.588
Oinari_0-0-Webcam-R-087.png,20.59,0.588
Oinari_0-0-Webcam-R-088.png,20.59,0.588
Oinari_0-0-Webcam-R-089.png,20.92,0.622
Oinari_0-0-Webcam-R-090.png,20.95,0.621
Oinari_0-0-Webcam-R-091.png,20.95,0.621
Oinari_0-0-Webcam-R-092.png,20.41,0.595
Oinari_0-0-Webcam-R-093.png,20.43,0.592
Oinari_0-0-Webcam-R-094.png,20.43,0.592
Oinari_0-0-Webcam-R-095.png,21.14,0.610
Oinari_0-0-Webcam-R-096.png,21.20,0.611
Oinari_0-0-Webcam-R-097.png,21.20,0.611
Oinari_0-0-Webcam-R-098.png,20.28,0.567
Oinari_0-0-Webcam-R-099.png,20.38,0.565
Oinari_0-0-Webcam-R-100.png,20.38,0.565
Oinari_0-0-Webcam-R-101.png,21.06,0.615
Oinari_0-0-Webcam-R-102.png,21.06,0.615
Oinari_0-0-Webcam-R-103.png,21.06,0.615
Oinari_0-0-Webcam-R-104.png,20.60,0.564
Oinari_0-0-Webcam-R-105.png,20.62,0.565
Oinari_0-0-Webcam-R-106.png,20.62,0.565
Oinari_0-0-Webcam-R-107.png,20.34,0.584
Oinari_0-0-Webcam-R-108.png,20.35,0.585
Oinari_0-0-Webcam-R-109.png,20.35,0.585
Oinari_0-0-Webcam-R-110.png,20.86,0.598
Oinari_0-0-Webcam-R-111.png,20.86,0.598
Oinari_0-0-Webcam-R-112.png,20.86,0.598
Oinari_0-0-Webcam-R-113.png,20.21,0.575
Oinari_0-0-Webcam-R-114.png,20.21,0.575
Oinari_0-0-Webcam-R-115.png,20.21,0.575
Oinari_0-0-Webcam-R-116.png,20.33,0.563
Oinari_0-0-Webcam-R-117.png,20.33,0.563
Oinari_0-0-Webcam-R-118.png,20.33,0.563
Oinari_0-0-Webcam-R-119.png,19.77,0.558
Oinari_0-0-Webcam-R-120.png,19.77,0.558
Oinari_0-0-Webcam-R-121.png,19.77,0.558
Oinari_0-0-Webcam-R-122.png,20.36,0.566
Oinari_0-0-Webcam-R-123.png,20.36,0.566
Oinari_0-0-Webcam-R-124.png,20.36,0.566
Oinari_0-0-Webcam-R-125.png,20.10,0.553
Oinari_0-0-Webcam-R-126.png,20.10,0.553
Oinari_0-0-Webcam-R-127.png,20.10,0.553
Oinari_0-0-Webcam-R-128.png,20.12,0.532
Oinari_0-0-Webcam-R-129.png,19.76,0.519
Oinari_0-0-Webcam-R-130.png,19.76,0.519
Oinari_0-0-Webcam-R-131.png,20.15,0.547
Oinari_0-0-Webcam-R-132.png,20.16,0.547
Oinari_0-0-Webcam-R-133.png,20.16,0.547
Oinari_0-0-Webcam-R-134.png,20.34,0.551
Oinari_0-0-Webcam-R-135.png,20.34,0.551
Oinari_0-0-Webcam-R-136.png,20.34,0.551
Oinari_0-0-Webcam-R-137.png,21.06,0.561
Oinari_0-0-Webcam-R-138.png,21.06,0.561
Oinari_0-0-Webcam-R-139.png,21.06,0.561
Oinari_0-0-Webcam-R-140.png,20.61,0.545
Oinari_0-0-Webcam-R-141.png,20.61,0.545
Oinari_0-0-Webcam-R-142.png,20.61,0.545
Oinari_0-0-Webcam-R-143.png,20.33,0.574
Oinari_0-0-Webcam-R-144.png,20.33,0.574
Oinari_0-0-Webcam-R-145.png,20.33,0.574
Oinari_0-0-Webcam-R-146.png,20.39,0.594
Oinari_0-0-Webcam-R-147.png,20.39,0.594
Oinari_0-0-Webcam-R-148.png,20.39,0.594
Oinari_0-0-Webcam-R-149.png,19.64,0.596
Oinari_0-0-Webcam-R-150.png,20.40,0.581
Oinari_0-0-Webcam-R-151.png,20.40,0.581
Oinari_0-0-Webcam-R-152.png,20.09,0.550
Oinari_0-0-Webcam-R-153.png,20.09,0.550
Oinari_0-0-Webcam-R-154.png,20.09,0.550
Oinari_0-0-Webcam-R-155.png,19.88,0.534
Oinari_0-0-Webcam-R-156.png,19.88,0.534
Oinari_0-0-Webcam-R-157.png,19.88,0.534
Oinari_0-0-Webcam-R-158.png,20.39,0.507
Oinari_0-0-Webcam-R-159.png,20.37,0.494
Oinari_0-0-Webcam-R-160.png,20.37,0.494
Oinari_0-0-Webcam-R-161.png,20.38,0.591
Oinari_0-0-Webcam-R-162.png,20.38,0.591
Oinari_0-0-Webcam-R-163.png,20.38,0.591
Oinari_0-0-Webcam-R-164.png,20.35,0.529
Oinari_0-0-Webcam-R-165.png,20.35,0.529
Oinari_0-0-Webcam-R-166.png,20.35,0.529
Oinari_0-0-Webcam-R-167.png,19.80,0.526
Oinari_0-0-Webcam-R-168.png,19.80,0.526
Oinari_0-0-Webcam-R-169.png,19.80,0.526
Oinari_0-0-Webcam-R-170.png,19.75,0.520
Oinari_0-0-Webcam-R-171.png,19.75,0.520
Oinari_0-0-Webcam-R-172.png,19.75,0.520
Oinari_0-0-Webcam-R-173.png,19.51,0.463
Oinari_0-0-Webcam-R-174.png,19.51,0.463
Oinari_0-0-Webcam-R-175.png,19.51,0.463
Oinari_0-0-Webcam-R-176.png,19.73,0.506
Oinari_0-0-Webcam-R-177.png,19.73,0.506
Oinari_0-0-Webcam-R-178.png,19.73,0.506
Oinari_0-0-Webcam-R-179.png,19.78,0.499
Oinari_0-0-Webcam-R-180.png,19.73,0.497
Oinari_0-0-Webcam-R-181.png,19.73,0.497
Oinari_0-0-Webcam-R-182.png,20.32,0.545
Oinari_0-0-Webcam-R-183.png,20.32,0.545
Oinari_0-0-Webcam-R-184.png,20.32,0.545
Oinari_0-0-Webcam-R-185.png,19.83,0.519
Oinari_0-0-Webcam-R-186.png,19.83,0.519
Oinari_0-0-Webcam-R-187.png,19.83,0.519
Oinari_0-0-Webcam-R-188.png,19.14,0.392
Oinari_0-0-Webcam-R-189.png,18.90,0.385
Oinari_0-0-Webcam-R-190.png,18.90,0.385
Oinari_0-0-Webcam-R-191.png,19.50,0.479
Oinari_0-0-Webcam-R-192.png,19.50,0.479
Oinari_0-0-Webcam-R-193.png,19.50,0.479
Oinari_0-0-Webcam-R-194.png,20.54,0.538
Oinari_0-0-Webcam-R-195.png,20.54,0.538
Oinari_0-0-Webcam-R-196.png,20.54,0.538
Oinari_0-0-Webcam-R-197.png,20.17,0.529
Oinari_0-0-Webcam-R-198.png,20.17,0.529
Oinari_0-0-Webcam-R-199.png,20.17,0.529
Oinari_0-0-Webcam-R-200.png,19.10,0.490
Oinari_0-0-Webcam-R-201.png,18.99,0.488
Oinari_0-0-Webcam-R-202.png,18.99,0.488
Oinari_0-0-Webcam-R-203.png,20.56,0.551
Oinari_0-0-Webcam-R-204.png,20.56,0.551
Oinari_0-0-Webcam-R-205.png,20.56,0.551
Oinari_0-0-Webcam-R-206.png,20.23,0.556
Oinari_0-0-Webcam-R-207.png,20.21,0.555
Oinari_0-0-Webcam-R-208.png,20.21,0.555
Oinari_0-0-Webcam-R-209.png,19.83,0.523
Oinari_0-0-Webcam-R-210.png,19.83,0.523
Oinari_0-0-Webcam-R-211.png,19.83,0.523
Oinari_0-0-Webcam-R-212.png,20.72,0.564
Oinari_0-0-Webcam-R-213.png,20.75,0.564
Oinari_0-0-Webcam-R-214.png,20.75,0.564
Oinari_0-0-Webcam-R-215.png,19.96,0.530
Oinari_0-0-Webcam-R-216.png,19.96,0.530
Oinari_0-0-Webcam-R-217.png,19.96,0.530
Oinari_0-0-Webcam-R-218.png,19.83,0.516
Oinari_0-0-Webcam-R-219.png,19.72,0.496
Oinari_0-0-Webcam-R-220.png,19.72,0.496
Oinari_0-0-Webcam-R-221.png,19.99,0.555
Oinari_0-0-Webcam-R-222.png,19.98,0.555
Oinari_0-0-Webcam-R-223.png,19.98,0.555
Oinari_0-0-Webcam-R-224.png,19.22,0.529
Oinari_0-0-Webcam-R-225.png,19.22,0.529
Oinari_0-0-Webcam-R-226.png,19.22,0.529
Oinari_0-0-Webcam-R-227.png,20.13,0.580
Oinari_0-0-Webcam-R-228.png,20.13,0.580
Oinari_0-0-Webcam-R-229.png,20.13,0.580
Oinari_0-0-Webcam-R-230.png,20.13,0.579
Oinari_0-0-Webcam-R-231.png,20.20,0.581
Oinari_0-0-Webcam-R-232.png,20.20,0.581
Oinari_0-0-Webcam-R-233.png,19.46,0.561
Oinari_0-0-Webcam-R-234.png,19.46,0.561
Oinari_0-0-Webcam-R-235.png,19.46,0.561
Oinari_0-0-Webcam-R-236.png,19.57,0.550
Oinari_0-0-Webcam-R-237.png,19.57,0.550
Oinari_0-0-Webcam-R-238.png,19.57,0.550
Oinari_0-0-Webcam-R-239.png,19.72,0.580
Oinari_0-0-Webcam-R-240.png,19.72,0.581
Oinari_0-0-Webcam-R-241.png,19.72,0.581
Oinari_0-0-Webcam-R-242.png,19.67,0.585
Oinari_0-0-Webcam-R-243.png,19.69,0.586
Oinari_0-0-Webcam-R-244.png,19.69,0.586
Oinari_0-0-Webcam-R-245.png,20.24,0.600
Oinari_0-0-Webcam-R-246.png,20.24,0.600
Oinari_0-0-Webcam-R-247.png,20.24,0.600
Oinari_0-0-Webcam-R-248.png,19.25,0.545
Oinari_0-0-Webcam-R-249.png,19.41,0.546
Oinari_0-0-Webcam-R-250.png,19.41,0.546
Oinari_0-0-Webcam-R-251.png,20.32,0.587
Oinari_0-0-Webcam-R-252.png,20.32,0.587
Oinari_0-0-Webcam-R-253.png,20.32,0.587
Oinari_0-0-Webcam-R-254.png,19.61,0.579
Oinari_0-0-Webcam-R-255.png,19.61,0.579
Oinari_0-0-Webcam-R-256.png,19.61,0.579
Oinari_0-0-Webcam-R-257.png,19.19,0.518
Oinari_0-0-Webcam-R-258.png,19.19,0.518
Oinari_0-0-Webcam-R-259.png,19.19,0.518
Oinari_0-0-Webcam-R-260.png,20.08,0.542
Oinari_0-0-Webcam-R-261.png,20.10,0.543
Oinari_0-0-Webcam-R-262.png,20.10,0.543
Oinari_0-0-Webcam-R-263.png,20.06,0.538
Oinari_0-0-Webcam-R-264.png,20.06,0.538
Oinari_0-0-Webcam-R-265.png,20.06,0.538
Oinari_0-0-Webcam-R-266.png,19.74,0.566
Oinari_0-0-Webcam-R-267.png,19.74,0.566
Oinari_0-0-Webcam-R-268.png,19.74,0.566
Oinari_0-0-Webcam-R-269.png,19.21,0.535
Oinari_0-0-Webcam-R-270.png,19.21,0.535
Oinari_0-0-Webcam-R-271.png,19.21,0.535
Oinari_0-0-Webcam-R-272.png,19.69,0.549
Oinari_0-0-Webcam-R-273.png,19.69,0.549
Oinari_0-0-Webcam-R-274.png,19.69,0.549
Oinari_0-0-Webcam-R-275.png,19.04,0.550
Oinari_0-0-Webcam-R-276.png,18.86,0.547
Oinari_0-0-Webcam-R-277.png,18.86,0.547
Oinari_0-0-Webcam-R-278.png,20.10,0.500
Oinari_0-0-Webcam-R-279.png,19.55,0.479
Oinari_0-0-Webcam-R-280.png,19.55,0.479
Oinari_0-0-Webcam-R-281.png,19.12,0.513
Oinari_0-0-Webcam-R-282.png,19.12,0.513
Oinari_0-0-Webcam-R-283.png,19.12,0.513
Oinari_0-0-Webcam-R-284.png,20.44,0.548
Oinari_0-0-Webcam-R-285.png,20.44,0.548
Oinari_0-0-Webcam-R-286.png,20.44,0.548
Oinari_0-0-Webcam-R-287.png,19.78,0.551
Oinari_0-0-Webcam-R-288.png,19.79,0.550
Oinari_0-0-Webcam-R-289.png,19.79,0.550
Oinari_0-0-Webcam-R-290.png,18.09,0.470
Oinari_0-0-Webcam-R-291.png,18.09,0.470
Oinari_0-0-Webcam-R-292.png,18.09,0.470
Oinari_0-0-Webcam-R-293.png,20.14,0.557
Oinari_0-0-Webcam-R-294.png,20.14,0.557
Oinari_0-0-Webcam-R-295.png,20.14,0.557
Oinari_0-0-Webcam-R-296.png,19.24,0.504
Oinari_0-0-Webcam-R-297.png,19.24,0.504
Oinari_0-0-Webcam-R-298.png,19.24,0.504
Oinari_0-0-Webcam-R-299.png,20.85,0.557
Oinari_1-1-Webcam-R-000.png,17.10,0.514
Oinari_1-1-Webcam-R-001.png,17.34,0.524
Oinari_1-1-Webcam-R-002.png,17.35,0.525
Oinari_1-1-Webcam-R-003.png,17.35,0.525
Oinari_1-1-Webcam-R-004.png,17.30,0.523
Oinari_1-1-Webcam-R-005.png,17.27,0.523
Oinari_1-1-Webcam-R-006.png,17.27,0.523
Oinari_1-1-Webcam-R-007.png,17.47,0.525
Oinari_1-1-Webcam-R-008.png,17.47,0.525
Oinari_1-1-Webcam-R-009.png,17.47,0.525
Oinari_1-1-Webcam-R-010.png,17.70,0.533
Oinari_1-1-Webcam-R-011.png,17.69,0.534
Oinari_1-1-Webcam-R-012.png,17.69,0.534
Oinari_1-1-Webcam-R-013.png,17.60,0.539
Oinari_1-1-Webcam-R-014.png,17.60,0.540
Oinari_1-1-Webcam-R-015.png,17.60,0.540
Oinari_1-1-Webcam-R-016.png,17.61,0.537
Oinari_1-1-Webcam-R-017.png,17.56,0.536
Oinari_1-1-Webcam-R-018.png,17.56,0.536
Oinari_1-1-Webcam-R-019.png,17.70,0.545
Oinari_1-1-Webcam-R-020.png,17.64,0.544
Oinari_1-1-Webcam-R-021.png,17.64,0.544
Oinari_1-1-Webcam-R-022.png,17.84,0.546
Oinari_1-1-Webcam-R-023.png,17.85,0.546
Oinari_1-1-Webcam-R-024.png,17.85,0.546
Oinari_1-1-Webcam-R-025.png,17.52,0.486
Oinari_1-1-Webcam-R-026.png,17.52,0.485
Oinari_1-1-Webcam-R-027.png,17.51,0.485
Oinari_1-1-Webcam-R-028.png,17.72,0.509
Oinari_1-1-Webcam-R-029.png,17.70,0.509
Oinari_1-1-Webcam-R-030.png,17.70,0.509
Oinari_1-1-Webcam-R-031.png,17.65,0.516
Oinari_1-1-Webcam-R-032.png,17.65,0.517
Oinari_1-1-Webcam-R-033.png,17.65,0.517
Oinari_1-1-Webcam-R-034.png,17.82,0.531
Oinari_1-1-Webcam-R-035.png,17.82,0.532
Oinari_1-1-Webcam-R-036.png,17.83,0.533
Oinari_1-1-Webcam-R-037.png,17.53,0.523
Oinari_1-1-Webcam-R-038.png,17.56,0.524
Oinari_1-1-Webcam-R-039.png,17.56,0.524
Oinari_1-1-Webcam-R-040.png,17.29,0.508
Oinari_1-1-Webcam-R-041.png,17.31,0.509
Oinari_1-1-Webcam-R-042.png,17.31,0.509
Oinari_1-1-Webcam-R-043.png,17.41,0.514
Oinari_1-1-Webcam-R-044.png,17.40,0.515
Oinari_1-1-Webcam-R-045.png,17.40,0.515
Oinari_1-1-Webcam-R-046.png,17.45,0.517
Oinari_1-1-Webcam-R-047.png,17.44,0.517
Oinari_1-1-Webcam-R-048.png,17.44,0.517
Oinari_1-1-Webcam-R-049.png,17.36,0.507
Oinari_1-1-Webcam-R-050.png,17.36,0.507
Oinari_1-1-Webcam-R-051.png,17.36,0.507
Oinari_1-1-Webcam-R-052.png,17.36,0.503
Oinari_1-1-Webcam-R-053.png,17.34,0.503
Oinari_1-1-Webcam-R-054.png,17.34,0.503
Oinari_1-1-Webcam-R-055.png,17.11,0.467
Oinari_1-1-Webcam-R-056.png,17.11,0.467
Oinari_1-1-Webcam-R-057.png,17.08,0.469
Oinari_1-1-Webcam-R-058.png,17.33,0.486
Oinari_1-1-Webcam-R-059.png,17.33,0.488
Oinari_1-1-Webcam-R-060.png,17.33,0.488
Oinari_1-1-Webcam-R-061.png,17.50,0.498
Oinari_1-1-Webcam-R-062.png,17.51,0.499
Oinari_1-1-Webcam-R-063.png,17.51,0.499
Oinari_1-1-Webcam-R-064.png,17.59,0.515
Oinari_1-1-Webcam-R-065.png,17.62,0.517
Oinari_1-1-Webcam-R-066.png,17.62,0.517
Oinari_1-1-Webcam-R-067.png,17.52,0.521
Oinari_1-1-Webcam-R-068.png,17.50,0.520
Oinari_1-1-Webcam-R-069.png,17.50,0.520
Oinari_1-1-Webcam-R-070.png,17.37,0.520
Oinari_1-1-Webcam-R-071.png,17.33,0.519
Oinari_1-1-Webcam-R-072.png,17.33,0.519
Oinari_1-1-Webcam-R-073.png,17.19,0.511
Oinari_1-1-Webcam-R-074.png,17.18,0.512
Oinari_1-1-Webcam-R-075.png,17.18,0.512
Oinari_1-1-Webcam-R-076.png,17.40,0.509
Oinari_1-1-Webcam-R-077.png,17.41,0.510
Oinari_1-1-Webcam-R-078.png,17.41,0.510
Oinari_1-1-Webcam-R-079.png,17.50,0.513
Oinari_1-1-Webcam-R-080.png,17.50,0.514
Oinari_1-1-Webcam-R-081.png,17.50,0.514
Oinari_1-1-Webcam-R-082.png,17.29,0.501
Oinari_1-1-Webcam-R-083.png,17.27,0.501
Oinari_1-1-Webcam-R-084.png,17.27,0.501
Oinari_1-1-Webcam-R-085.png,17.00,0.435
Oinari_1-1-Webcam-R-086.png,17.01,0.435
Oinari_1-1-Webcam-R-087.png,17.01,0.435
Oinari_1-1-Webcam-R-088.png,16.92,0.443
Oinari_1-1-Webcam-R-089.png,16.93,0.444
Oinari_1-1-Webcam-R-090.png,16.93,0.444
Oinari_1-1-Webcam-R-091.png,17.06,0.462
Oinari_1-1-Webcam-R-092.png,17.04,0.462
Oinari_1-1-Webcam-R-093.png,17.04,0.462
Oinari_1-1-Webcam-R-094.png,17.38,0.477
Oinari_1-1-Webcam-R-095.png,17.36,0.478
Oinari_1-1-Webcam-R-096.png,17.36,0.478
Oinari_1-1-Webcam-R-097.png,17.33,0.475
Oinari_1-1-Webcam-R-098.png,17.30,0.475
Oinari_1-1-Webcam-R-099.png,17.30,0.475
Oinari_1-1-Webcam-R-100.png,17.12,0.471
Oinari_1-1-Webcam-R-101.png,17.10,0.471
Oinari_1-1-Webcam-R-102.png,17.10,0.471
Oinari_1-1-Webcam-R-103.png,17.26,0.468
Oinari_1-1-Webcam-R-104.png,17.24,0.468
Oinari_1-1-Webcam-R-105.png,17.24,0.468
Oinari_1-1-Webcam-R-106.png,17.30,0.481
Oinari_1-1-Webcam-R-107.png,17.29,0.481
Oinari_1-1-Webcam-R-108.png,17.29,0.481
Oinari_1-1-Webcam-R-109.png,17.20,0.472
Oinari_1-1-Webcam-R-110.png,17.20,0.472
Oinari_1-1-Webcam-R-111.png,17.20,0.472
Oinari_1-1-Webcam-R-112.png,17.22,0.471
Oinari_1-1-Webcam-R-113.png,17.24,0.471
Oinari_1-1-Webcam-R-114.png,17.24,0.471
Oinari_1-1-Webcam-R-115.png,16.74,0.418
Oinari_1-1-Webcam-R-116.png,16.74,0.418
Oinari_1-1-Webcam-R-117.png,16.73,0.418
Oinari_1-1-Webcam-R-118.png,17.16,0.440
Oinari_1-1-Webcam-R-119.png,17.15,0.441
Oinari_1-1-Webcam-R-120.png,17.15,0.441
Oinari_1-1-Webcam-R-121.png,17.51,0.461
Oinari_1-1-Webcam-R-122.png,17.52,0.463
Oinari_1-1-Webcam-R-123.png,17.51,0.463
Oinari_1-1-Webcam-R-124.png,17.49,0.474
Oinari_1-1-Webcam-R-125.png,17.51,0.475
Oinari_1-1-Webcam-R-126.png,17.51,0.475
Oinari_1-1-Webcam-R-127.png,17.51,0.478
Oinari_1-1-Webcam-R-128.png,17.51,0.479
Oinari_1-1-Webcam-R-129.png,17.51,0.479
Oinari_1-1-Webcam-R-130.png,17.22,0.475
Oinari_1-1-Webcam-R-131.png,17.23,0.475
Oinari_1-1-Webcam-R-132.png,17.23,0.475
Oinari_1-1-Webcam-R-133.png,17.25,0.481
Oinari_1-1-Webcam-R-134.png,17.25,0.481
Oinari_1-1-Webcam-R-135.png,17.25,0.481
Oinari_1-1-Webcam-R-136.png,17.54,0.491
Oinari_1-1-Webcam-R-137.png,17.54,0.491
Oinari_1-1-Webcam-R-138.png,17.54,0.491
Oinari_1-1-Webcam-R-139.png,17.34,0.489
Oinari_1-1-Webcam-R-140.png,17.34,0.489
Oinari_1-1-Webcam-R-141.png,17.34,0.489
Oinari_1-1-Webcam-R-142.png,17.49,0.491
Oinari_1-1-Webcam-R-143.png,17.49,0.491
Oinari_1-1-Webcam-R-144.png,17.49,0.491
Oinari_1-1-Webcam-R-145.png,16.87,0.419
Oinari_1-1-Webcam-R-146.png,16.87,0.419
Oinari_1-1-Webcam-R-147.png,16.88,0.420
Oinari_1-1-Webcam-R-148.png,17.59,0.456
Oinari_1-1-Webcam-R-149.png,17.60,0.459
Oinari_1-1-Webcam-R-150.png,17.34,0.465
Oinari_1-1-Webcam-R-151.png,17.55,0.488
Oinari_1-1-Webcam-R-152.png,17.57,0.492
Oinari_1-1-Webcam-R-153.png,17.53,0.493
Oinari_1-1-Webcam-R-154.png,17.56,0.487
Oinari_1-1-Webcam-R-155.png,17.61,0.488
Oinari_1-1-Webcam-R-156.png,17.55,0.489
Oinari_1-1-Webcam-R-157.png,17.63,0.497
Oinari_1-1-Webcam-R-158.png,17.62,0.497
Oinari_1-1-Webcam-R-159.png,17.61,0.498
Oinari_1-1-Webcam-R-160.png,17.42,0.497
Oinari_1-1-Webcam-R-161.png,17.42,0.498
Oinari_1-1-Webcam-R-162.png,17.50,0.500
Oinari_1-1-Webcam-R-163.png,17.43,0.500
Oinari_1-1-Webcam-R-164.png,17.43,0.501
Oinari_1-1-Webcam-R-165.png,17.43,0.501
Oinari_1-1-Webcam-R-166.png,17.59,0.504
Oinari_1-1-Webcam-R-167.png,17.59,0.504
Oinari_1-1-Webcam-R-168.png,17.59,0.504
Oinari_1-1-Webcam-R-169.png,17.44,0.502
Oinari_1-1-Webcam-R-170.png,17.44,0.502
Oinari_1-1-Webcam-R-171.png,17.45,0.502
Oinari_1-1-Webcam-R-172.png,17.48,0.500
Oinari_1-1-Webcam-R-173.png,17.48,0.500
Oinari_1-1-Webcam-R-174.png,17.48,0.500
Oinari_1-1-Webcam-R-175.png,17.00,0.437
Oinari_1-1-Webcam-R-176.png,17.00,0.437
Oinari_1-1-Webcam-R-177.png,17.00,0.437
Oinari_1-1-Webcam-R-178.png,17.39,0.472
Oinari_1-1-Webcam-R-179.png,17.39,0.472
Oinari_1-1-Webcam-R-180.png,17.39,0.472
Oinari_1-1-Webcam-R-181.png,17.34,0.486
Oinari_1-1-Webcam-R-182.png,17.34,0.486
Oinari_1-1-Webcam-R-183.png,17.34,0.486
Oinari_1-1-Webcam-R-184.png,17.29,0.496
Oinari_1-1-Webcam-R-185.png,17.29,0.496
Oinari_1-1-Webcam-R-186.png,17.29,0.496
Oinari_1-1-Webcam-R-187.png,17.30,0.504
Oinari_1-1-Webcam-R-188.png,17.31,0.504
Oinari_1-1-Webcam-R-189.png,17.31,0.504
Oinari_1-1-Webcam-R-190.png,17.47,0.506
Oinari_1-1-Webcam-R-191.png,17.47,0.506
Oinari_1-1-Webcam-R-192.png,17.47,0.506
Oinari_1-1-Webcam-R-193.png,17.49,0.505
Oinari_1-1-Webcam-R-194.png,17.49,0.505
Oinari_1-1-Webcam-R-195.png,17.49,0.505
Oinari_1-1-Webcam-R-196.png,17.43,0.497
Oinari_1-1-Webcam-R-197.png,17.42,0.497
Oinari_1-1-Webcam-R-198.png,17.42,0.497
Oinari_1-1-Webcam-R-199.png,17.34,0.509
Oinari_1-1-Webcam-R-200.png,17.34,0.508
Oinari_1-1-Webcam-R-201.png,17.34,0.508
Oinari_1-1-Webcam-R-202.png,17.35,0.505
Oinari_1-1-Webcam-R-203.png,17.35,0.505
Oinari_1-1-Webcam-R-204.png,17.35,0.505
Oinari_1-1-Webcam-R-205.png,17.40,0.459
Oinari_1-1-Webcam-R-206.png,17.29,0.465
Oinari_1-1-Webcam-R-207.png,17.29,0.465
Oinari_1-1-Webcam-R-208.png,17.47,0.483
Oinari_1-1-Webcam-R-209.png,17.47,0.483
Oinari_1-1-Webcam-R-210.png,17.47,0.483
Oinari_1-1-Webcam-R-211.png,17.54,0.497
Oinari_1-1-Webcam-R-212.png,17.54,0.497
Oinari_1-1-Webcam-R-213.png,17.54,0.497
Oinari_1-1-Webcam-R-214.png,17.77,0.505
Oinari_1-1-Webcam-R-215.png,17.77,0.505
Oinari_1-1-Webcam-R-216.png,17.77,0.505
Oinari_1-1-Webcam-R-217.png,17.61,0.511
Oinari_1-1-Webcam-R-218.png,17.61,0.511
Oinari_1-1-Webcam-R-219.png,17.61,0.511
Oinari_1-1-Webcam-R-220.png,17.46,0.506
Oinari_1-1-Webcam-R-221.png,17.46,0.506
Oinari_1-1-Webcam-R-222.png,17.46,0.506
Oinari_1-1-Webcam-R-223.png,17.63,0.510
Oinari_1-1-Webcam-R-224.png,17.63,0.510
Oinari_1-1-Webcam-R-225.png,17.63,0.510
Oinari_1-1-Webcam-R-226.png,17.32,0.505
Oinari_1-1-Webcam-R-227.png,17.32,0.505
Oinari_1-1-Webcam-R-228.png,17.32,0.505
Oinari_1-1-Webcam-R-229.png,17.56,0.511
Oinari_1-1-Webcam-R-230.png,17.55,0.511
Oinari_1-1-Webcam-R-231.png,17.55,0.511
Oinari_1-1-Webcam-R-232.png,17.69,0.512
Oinari_1-1-Webcam-R-233.png,17.69,0.512
Oinari_1-1-Webcam-R-234.png,17.69,0.512
Oinari_1-1-Webcam-R-235.png,17.10,0.447
Oinari_1-1-Webcam-R-236.png,16.98,0.450
Oinari_1-1-Webcam-R-237.png,16.98,0.450
Oinari_1-1-Webcam-R-238.png,17.35,0.480
Oinari_1-1-Webcam-R-239.png,17.35,0.480
Oinari_1-1-Webcam-R-240.png,17.35,0.480
Oinari_1-1-Webcam-R-241.png,17.35,0.495
Oinari_1-1-Webcam-R-242.png,17.35,0.495
Oinari_1-1-Webcam-R-243.png,17.35,0.495
Oinari_1-1-Webcam-R-244.png,17.48,0.503
Oinari_1-1-Webcam-R-245.png,17.48,0.503
Oinari_1-1-Webcam-R-246.png,17.48,0.503
Oinari_1-1-Webcam-R-247.png,17.46,0.496
Oinari_1-1-Webcam-R-248.png,17.46,0.496
Oinari_1-1-Webcam-R-249.png,17.46,0.496
Oinari_1-1-Webcam-R-250.png,17.38,0.497
Oinari_1-1-Webcam-R-251.png,17.38,0.497
Oinari_1-1-Webcam-R-252.png,17.38,0.497
Oinari_1-1-Webcam-R-253.png,17.14,0.499
Oinari_1-1-Webcam-R-254.png,17.14,0.499
Oinari_1-1-Webcam-R-255.png,17.14,0.499
Oinari_1-1-Webcam-R-256.png,17.25,0.496
Oinari_1-1-Webcam-R-257.png,17.25,0.496
Oinari_1-1-Webcam-R-258.png,17.25,0.496
Oinari_1-1-Webcam-R-259.png,17.38,0.496
Oinari_1-1-Webcam-R-260.png,17.37,0.496
Oinari_1-1-Webcam-R-261.png,17.37,0.496
Oinari_1-1-Webcam-R-262.png,17.24,0.494
Oinari_1-1-Webcam-R-263.png,17.24,0.494
Oinari_1-1-Webcam-R-264.png,17.24,0.494
Oinari_1-1-Webcam-R-265.png,17.29,0.453
Oinari_1-1-Webcam-R-266.png,17.27,0.460
Oinari_1-1-Webcam-R-267.png,17.27,0.460
Oinari_1-1-Webcam-R-268.png,17.19,0.471
Oinari_1-1-Webcam-R-269.png,17.18,0.471
Oinari_1-1-Webcam-R-270.png,17.18,0.471
Oinari_1-1-Webcam-R-271.png,17.14,0.481
Oinari_1-1-Webcam-R-272.png,17.14,0.481
Oinari_1-1-Webcam-R-273.png,17.14,0.481
Oinari_1-1-Webcam-R-274.png,17.25,0.497
Oinari_1-1-Webcam-R-275.png,17.25,0.497
Oinari_1-1-Webcam-R-276.png,17.25,0.497
Oinari_1-1-Webcam-R-277.png,17.30,0.502
Oinari_1-1-Webcam-R-278.png,17.30,0.502
Oinari_1-1-Webcam-R-279.png,17.30,0.502
Oinari_1-1-Webcam-R-280.png,17.32,0.501
Oinari_1-1-Webcam-R-281.png,17.31,0.501
Oinari_1-1-Webcam-R-282.png,17.31,0.501
Oinari_1-1-Webcam-R-283.png,17.37,0.506
Oinari_1-1-Webcam-R-284.png,17.37,0.506
Oinari_1-1-Webcam-R-285.png,17.37,0.506
Oinari_1-1-Webcam-R-286.png,17.41,0.515
Oinari_1-1-Webcam-R-287.png,17.41,0.515
Oinari_1-1-Webcam-R-288.png,17.41,0.515
Oinari_1-1-Webcam-R-289.png,17.59,0.522
Oinari_1-1-Webcam-R-290.png,17.59,0.522
Oinari_1-1-Webcam-R-291.png,17.59,0.522
Oinari_1-1-Webcam-R-292.png,17.44,0.517
Oinari_1-1-Webcam-R-293.png,17.44,0.517
Oinari_1-1-Webcam-R-294.png,17.44,0.517
Oinari_1-1-Webcam-R-295.png,17.08,0.461
Oinari_1-1-Webcam-R-296.png,16.91,0.466
Oinari_1-1-Webcam-R-297.png,16.91,0.466
Oinari_1-1-Webcam-R-298.png,17.43,0.493
Oinari_1-1-Webcam-R-299.png,17.43,0.493
Table_Rock_0-0-Webcam-R-000.png,22.06,0.797
Table_Rock_0-0-Webcam-R-001.png,21.69,0.789
Table_Rock_0-0-Webcam-R-002.png,21.45,0.783
Table_Rock_0-0-Webcam-R-003.png,21.43,0.781
Table_Rock_0-0-Webcam-R-004.png,21.54,0.784
Table_Rock_0-0-Webcam-R-005.png,21.31,0.778
Table_Rock_0-0-Webcam-R-006.png,21.30,0.779
Table_Rock_0-0-Webcam-R-007.png,21.19,0.773
Table_Rock_0-0-Webcam-R-008.png,21.28,0.777
Table_Rock_0-0-Webcam-R-009.png,21.28,0.777
Table_Rock_0-0-Webcam-R-010.png,21.32,0.778
Table_Rock_0-0-Webcam-R-011.png,21.32,0.775
Table_Rock_0-0-Webcam-R-012.png,21.32,0.775
Table_Rock_0-0-Webcam-R-013.png,21.65,0.780
Table_Rock_0-0-Webcam-R-014.png,21.76,0.785
Table_Rock_0-0-Webcam-R-015.png,21.64,0.778
Table_Rock_0-0-Webcam-R-016.png,21.63,0.782
Table_Rock_0-0-Webcam-R-017.png,21.36,0.777
Table_Rock_0-0-Webcam-R-018.png,21.34,0.776
Table_Rock_0-0-Webcam-R-019.png,21.39,0.778
Table_Rock_0-0-Webcam-R-020.png,21.23,0.775
Table_Rock_0-0-Webcam-R-021.png,20.82,0.765
Table_Rock_0-0-Webcam-R-022.png,21.21,0.774
Table_Rock_0-0-Webcam-R-023.png,21.19,0.776
Table_Rock_0-0-Webcam-R-024.png,21.12,0.775
Table_Rock_0-0-Webcam-R-025.png,20.87,0.767
Table_Rock_0-0-Webcam-R-026.png,21.03,0.770
Table_Rock_0-0-Webcam-R-027.png,21.01,0.770
Table_Rock_0-0-Webcam-R-028.png,20.96,0.768
Table_Rock_0-0-Webcam-R-029.png,21.05,0.770
Table_Rock_0-0-Webcam-R-030.png,21.54,0.776
Table_Rock_0-0-Webcam-R-031.png,21.50,0.776
Table_Rock_0-0-Webcam-R-032.png,22.45,0.801
Table_Rock_0-0-Webcam-R-033.png,21.60,0.780
Table_Rock_0-0-Webcam-R-034.png,21.70,0.784
Table_Rock_0-0-Webcam-R-035.png,21.72,0.782
Table_Rock_0-0-Webcam-R-036.png,21.72,0.782
Table_Rock_0-0-Webcam-R-037.png,21.58,0.779
Table_Rock_0-0-Webcam-R-038.png,21.54,0.781
Table_Rock_0-0-Webcam-R-039.png,21.62,0.782
Table_Rock_0-0-Webcam-R-040.png,21.77,0.782
Table_Rock_0-0-Webcam-R-041.png,21.39,0.775
Table_Rock_0-0-Webcam-R-042.png,21.42,0.776
Table_Rock_0-0-Webcam-R-043.png,21.64,0.784
Table_Rock_0-0-Webcam-R-044.png,21.63,0.784
Table_Rock_0-0-Webcam-R-045.png,21.47,0.778
Table_Rock_0-0-Webcam-R-046.png,21.25,0.772
Table_Rock_0-0-Webcam-R-047.png,21.31,0.771
Table_Rock_0-0-Webcam-R-048.png,21.31,0.771
Table_Rock_0-0-Webcam-R-049.png,21.33,0.774
Table_Rock_0-0-Webcam-R-050.png,21.31,0.774
Table_Rock_0-0-Webcam-R-051.png,21.57,0.782
Table_Rock_0-0-Webcam-R-052.png,21.21,0.763
Table_Rock_0-0-Webcam-R-053.png,21.41,0.770
Table_Rock_0-0-Webcam-R-054.png,21.40,0.770
Table_Rock_0-0-Webcam-R-055.png,21.34,0.768
Table_Rock_0-0-Webcam-R-056.png,21.34,0.767
Table_Rock_0-0-Webcam-R-057.png,21.60,0.772
Table_Rock_0-0-Webcam-R-058.png,21.92,0.781
Table_Rock_0-0-Webcam-R-059.png,21.99,0.782
Table_Rock_0-0-Webcam-R-060.png,21.78,0.773
Table_Rock_0-0-Webcam-R-061.png,21.79,0.776
Table_Rock_0-0-Webcam-R-062.png,22.02,0.781
Table_Rock_0-0-Webcam-R-063.png,21.97,0.781
Table_Rock_0-0-Webcam-R-064.png,22.03,0.781
Table_Rock_0-0-Webcam-R-065.png,21.71,0.776
Table_Rock_0-0-Webcam-R-066.png,21.67,0.775
Table_Rock_0-0-Webcam-R-067.png,21.45,0.770
Table_Rock_0-0-Webcam-R-068.png,21.33,0.763
Table_Rock_0-0-Webcam-R-069.png,21.18,0.762
Table_Rock_0-0-Webcam-R-070.png,21.09,0.761
Table_Rock_0-0-Webcam-R-071.png,20.90,0.755
Table_Rock_0-0-Webcam-R-072.png,20.90,0.755
Table_Rock_0-0-Webcam-R-073.png,20.85,0.748
Table_Rock_0-0-Webcam-R-074.png,20.89,0.752
Table_Rock_0-0-Webcam-R-075.png,20.73,0.746
Table_Rock_0-0-Webcam-R-076.png,20.95,0.756
Table_Rock_0-0-Webcam-R-077.png,21.03,0.757
Table_Rock_0-0-Webcam-R-078.png,21.04,0.757
Table_Rock_0-0-Webcam-R-079.png,21.00,0.755
Table_Rock_0-0-Webcam-R-080.png,20.48,0.742
Table_Rock_0-0-Webcam-R-081.png,20.48,0.744
Table_Rock_0-0-Webcam-R-082.png,20.44,0.743
Table_Rock_0-0-Webcam-R-083.png,20.43,0.742
Table_Rock_0-0-Webcam-R-084.png,20.44,0.743
Table_Rock_0-0-Webcam-R-085.png,20.62,0.748
Table_Rock_0-0-Webcam-R-086.png,20.43,0.747
Table_Rock_0-0-Webcam-R-087.png,20.44,0.747
Table_Rock_0-0-Webcam-R-088.png,20.37,0.744
Table_Rock_0-0-Webcam-R-089.png,20.31,0.742
Table_Rock_0-0-Webcam-R-090.png,20.85,0.761
Table_Rock_0-0-Webcam-R-091.png,20.81,0.757
Table_Rock_0-0-Webcam-R-092.png,20.86,0.760
Table_Rock_0-0-Webcam-R-093.png,20.81,0.755
Table_Rock_0-0-Webcam-R-094.png,20.78,0.756
Table_Rock_0-0-Webcam-R-095.png,20.82,0.753
Table_Rock_0-0-Webcam-R-096.png,20.82,0.753
Table_Rock_0-0-Webcam-R-097.png,20.97,0.762
Table_Rock_0-0-Webcam-R-098.png,21.05,0.760
Table_Rock_0-0-Webcam-R-099.png,21.24,0.769
Table_Rock_0-0-Webcam-R-100.png,21.21,0.766
Table_Rock_0-0-Webcam-R-101.png,21.35,0.771
Table_Rock_0-0-Webcam-R-102.png,21.35,0.771
Table_Rock_0-0-Webcam-R-103.png,21.42,0.773
Table_Rock_0-0-Webcam-R-104.png,21.33,0.770
Table_Rock_0-0-Webcam-R-105.png,21.32,0.773
Table_Rock_0-0-Webcam-R-106.png,21.38,0.775
Table_Rock_0-0-Webcam-R-107.png,21.44,0.772
Table_Rock_0-0-Webcam-R-108.png,21.44,0.772
Table_Rock_0-0-Webcam-R-109.png,21.38,0.773
Table_Rock_0-0-Webcam-R-110.png,20.91,0.752
Table_Rock_0-0-Webcam-R-111.png,21.00,0.755
Table_Rock_0-0-Webcam-R-112.png,20.96,0.758
Table_Rock_0-0-Webcam-R-113.png,20.86,0.755
Table_Rock_0-0-Webcam-R-114.png,20.82,0.754
Table_Rock_0-0-Webcam-R-115.png,20.89,0.756
Table_Rock_0-0-Webcam-R-116.png,20.92,0.763
Table_Rock_0-0-Webcam-R-117.png,21.21,0.777
Table_Rock_0-0-Webcam-R-118.png,20.69,0.760
Table_Rock_0-0-Webcam-R-119.png,20.94,0.768
Table_Rock_0-0-Webcam-R-120.png,21.88,0.788
Table_Rock_0-0-Webcam-R-121.png,21.84,0.792
Table_Rock_0-0-Webcam-R-122.png,20.84,0.755
Table_Rock_0-0-Webcam-R-123.png,20.75,0.755
Table_Rock_0-0-Webcam-R-124.png,20.80,0.760
Table_Rock_0-0-Webcam-R-125.png,20.90,0.760
Table_Rock_0-0-Webcam-R-126.png,20.65,0.749
Table_Rock_0-0-Webcam-R-127.png,20.98,0.764
Table_Rock_0-0-Webcam-R-128.png,21.05,0.764
Table_Rock_0-0-Webcam-R-129.png,21.14,0.769
Table_Rock_0-0-Webcam-R-130.png,21.02,0.764
Table_Rock_0-0-Webcam-R-131.png,21.04,0.764
Table_Rock_0-0-Webcam-R-132.png,21.05,0.764
Table_Rock_0-0-Webcam-R-133.png,20.95,0.762
Table_Rock_0-0-Webcam-R-134.png,21.08,0.765
Table_Rock_0-0-Webcam-R-135.png,21.05,0.758
Table_Rock_0-0-Webcam-R-136.png,21.06,0.766
Table_Rock_0-0-Webcam-R-137.png,21.06,0.766
Table_Rock_0-0-Webcam-R-138.png,20.92,0.760
Table_Rock_0-0-Webcam-R-139.png,20.86,0.757
Table_Rock_0-0-Webcam-R-140.png,20.87,0.752
Table_Rock_0-0-Webcam-R-141.png,20.75,0.748
Table_Rock_0-0-Webcam-R-142.png,20.52,0.738
Table_Rock_0-0-Webcam-R-143.png,20.54,0.738
Table_Rock_0-0-Webcam-R-144.png,20.58,0.739
Table_Rock_0-0-Webcam-R-145.png,20.55,0.738
Table_Rock_0-0-Webcam-R-146.png,20.71,0.744
Table_Rock_0-0-Webcam-R-147.png,20.55,0.736
Table_Rock_0-0-Webcam-R-148.png,20.52,0.735
Table_Rock_0-0-Webcam-R-149.png,20.52,0.735
Table_Rock_0-0-Webcam-R-150.png,20.50,0.737
Table_Rock_0-0-Webcam-R-151.png,20.49,0.735
Table_Rock_0-0-Webcam-R-152.png,20.45,0.734
Table_Rock_0-0-Webcam-R-153.png,20.48,0.735
Table_Rock_0-0-Webcam-R-154.png,20.53,0.736
Table_Rock_0-0-Webcam-R-155.png,20.53,0.736
Table_Rock_0-0-Webcam-R-156.png,20.46,0.736
Table_Rock_0-0-Webcam-R-157.png,20.58,0.738
Table_Rock_0-0-Webcam-R-158.png,20.41,0.733
Table_Rock_0-0-Webcam-R-159.png,20.45,0.736
Table_Rock_0-0-Webcam-R-160.png,20.41,0.736
Table_Rock_0-0-Webcam-R-161.png,20.43,0.736
Table_Rock_0-0-Webcam-R-162.png,20.35,0.734
Table_Rock_0-0-Webcam-R-163.png,20.40,0.735
Table_Rock_0-0-Webcam-R-164.png,20.34,0.732
Table_Rock_0-0-Webcam-R-165.png,20.41,0.735
Table_Rock_0-0-Webcam-R-166.png,20.53,0.738
Table_Rock_0-0-Webcam-R-167.png,20.53,0.738
Table_Rock_0-0-Webcam-R-168.png,20.51,0.737
Table_Rock_0-0-Webcam-R-169.png,20.59,0.743
Table_Rock_0-0-Webcam-R-170.png,20.49,0.742
Table_Rock_0-0-Webcam-R-171.png,20.50,0.742
Table_Rock_0-0-Webcam-R-172.png,20.58,0.747
Table_Rock_0-0-Webcam-R-173.png,20.57,0.746
Table_Rock_0-0-Webcam-R-174.png,20.60,0.746
Table_Rock_0-0-Webcam-R-175.png,20.56,0.746
Table_Rock_0-0-Webcam-R-176.png,20.63,0.749
Table_Rock_0-0-Webcam-R-177.png,20.63,0.748
Table_Rock_0-0-Webcam-R-178.png,20.58,0.748
Table_Rock_0-0-Webcam-R-179.png,20.58,0.748
Table_Rock_0-0-Webcam-R-180.png,20.70,0.745
Table_Rock_0-0-Webcam-R-181.png,20.67,0.746
Table_Rock_0-0-Webcam-R-182.png,20.22,0.736
Table_Rock_0-0-Webcam-R-183.png,20.03,0.732
Table_Rock_0-0-Webcam-R-184.png,20.06,0.731
Table_Rock_0-0-Webcam-R-185.png,20.07,0.732
Table_Rock_0-0-Webcam-R-186.png,20.15,0.737
Table_Rock_0-0-Webcam-R-187.png,20.01,0.734
Table_Rock_0-0-Webcam-R-188.png,20.25,0.745
Table_Rock_0-0-Webcam-R-189.png,20.26,0.746
Table_Rock_0-0-Webcam-R-190.png,20.27,0.748
Table_Rock_0-0-Webcam-R-191.png,20.30,0.748
Table_Rock_0-0-Webcam-R-192.png,20.31,0.749
Table_Rock_0-0-Webcam-R-193.png,20.31,0.749
Table_Rock_0-0-Webcam-R-194.png,20.23,0.744
Table_Rock_0-0-Webcam-R-195.png,19.93,0.730
Table_Rock_0-0-Webcam-R-196.png,19.76,0.722
Table_Rock_0-0-Webcam-R-197.png,19.77,0.722
Table_Rock_0-0-Webcam-R-198.png,19.74,0.723
Table_Rock_0-0-Webcam-R-199.png,19.79,0.725
Table_Rock_0-0-Webcam-R-200.png,19.90,0.722
Table_Rock_0-0-Webcam-R-201.png,19.89,0.721
Table_Rock_0-0-Webcam-R-202.png,20.00,0.723
Table_Rock_0-0-Webcam-R-203.png,20.03,0.725
Table_Rock_0-0-Webcam-R-204.png,20.08,0.729
Table_Rock_0-0-Webcam-R-205.png,19.95,0.724
Table_Rock_0-0-Webcam-R-206.png,19.72,0.712
Table_Rock_0-0-Webcam-R-207.png,19.78,0.715
Table_Rock_0-0-Webcam-R-208.png,19.91,0.714
Table_Rock_0-0-Webcam-R-209.png,19.90,0.715
Table_Rock_0-0-Webcam-R-210.png,20.26,0.727
Table_Rock_0-0-Webcam-R-211.png,20.41,0.737
Table_Rock_0-0-Webcam-R-212.png,20.26,0.732
Table_Rock_0-0-Webcam-R-213.png,20.25,0.730
Table_Rock_0-0-Webcam-R-214.png,20.44,0.734
Table_Rock_0-0-Webcam-R-215.png,20.60,0.740
Table_Rock_0-0-Webcam-R-216.png,20.55,0.740
Table_Rock_0-0-Webcam-R-217.png,20.41,0.730
Table_Rock_0-0-Webcam-R-218.png,20.31,0.728
Table_Rock_0-0-Webcam-R-219.png,20.24,0.725
Table_Rock_0-0-Webcam-R-220.png,20.48,0.730
Table_Rock_0-0-Webcam-R-221.png,20.48,0.730
Table_Rock_0-0-Webcam-R-222.png,20.89,0.749
Table_Rock_0-0-Webcam-R-223.png,20.60,0.739
Table_Rock_0-0-Webcam-R-224.png,20.54,0.738
Table_Rock_0-0-Webcam-R-225.png,20.83,0.748
Table_Rock_0-0-Webcam-R-226.png,20.65,0.745
Table_Rock_0-0-Webcam-R-227.png,20.64,0.745
Table_Rock_0-0-Webcam-R-228.png,20.58,0.742
Table_Rock_0-0-Webcam-R-229.png,20.54,0.740
Table_Rock_0-0-Webcam-R-230.png,20.26,0.729
Table_Rock_0-0-Webcam-R-231.png,20.34,0.734
Table_Rock_0-0-Webcam-R-232.png,20.38,0.736
Table_Rock_0-0-Webcam-R-233.png,20.38,0.736
Table_Rock_0-0-Webcam-R-234.png,20.50,0.741
Table_Rock_0-0-Webcam-R-235.png,20.49,0.739
Table_Rock_0-0-Webcam-R-236.png,20.39,0.736
Table_Rock_0-0-Webcam-R-237.png,20.34,0.736
Table_Rock_0-0-Webcam-R-238.png,20.43,0.740
Table_Rock_0-0-Webcam-R-239.png,20.44,0.740
Table_Rock_0-0-Webcam-R-240.png,21.17,0.759
Table_Rock_0-0-Webcam-R-241.png,21.15,0.758
Table_Rock_0-0-Webcam-R-242.png,21.15,0.757
Table_Rock_0-0-Webcam-R-243.png,21.22,0.760
Table_Rock_0-0-Webcam-R-244.png,21.13,0.754
Table_Rock_0-0-Webcam-R-245.png,21.13,0.754
Table_Rock_0-0-Webcam-R-246.png,21.08,0.753
Table_Rock_0-0-Webcam-R-247.png,20.98,0.749
Table_Rock_0-0-Webcam-R-248.png,21.14,0.755
Table_Rock_0-0-Webcam-R-249.png,20.96,0.750
Table_Rock_0-0-Webcam-R-250.png,21.13,0.755
Table_Rock_0-0-Webcam-R-251.png,21.11,0.754
Table_Rock_0-0-Webcam-R-252.png,21.38,0.765
Table_Rock_0-0-Webcam-R-253.png,21.03,0.751
Table_Rock_0-0-Webcam-R-254.png,21.06,0.751
Table_Rock_0-0-Webcam-R-255.png,20.85,0.747
Table_Rock_0-0-Webcam-R-256.png,20.74,0.745
Table_Rock_0-0-Webcam-R-257.png,20.74,0.745
Table_Rock_0-0-Webcam-R-258.png,20.67,0.738
Table_Rock_0-0-Webcam-R-259.png,20.60,0.738
Table_Rock_0-0-Webcam-R-260.png,20.45,0.732
Table_Rock_0-0-Webcam-R-261.png,20.45,0.733
Table_Rock_0-0-Webcam-R-262.png,20.57,0.736
Table_Rock_0-0-Webcam-R-263.png,20.57,0.736
Table_Rock_0-0-Webcam-R-264.png,20.51,0.733
Table_Rock_0-0-Webcam-R-265.png,20.48,0.729
Table_Rock_0-0-Webcam-R-266.png,20.42,0.729
Table_Rock_0-0-Webcam-R-267.png,20.34,0.725
Table_Rock_0-0-Webcam-R-268.png,20.49,0.731
Table_Rock_0-0-Webcam-R-269.png,20.50,0.731
Table_Rock_0-0-Webcam-R-270.png,20.63,0.738
Table_Rock_0-0-Webcam-R-271.png,20.71,0.750
Table_Rock_0-0-Webcam-R-272.png,20.83,0.759
Table_Rock_0-0-Webcam-R-273.png,20.93,0.760
Table_Rock_0-0-Webcam-R-274.png,20.92,0.761
Table_Rock_0-0-Webcam-R-275.png,20.92,0.761
Table_Rock_0-0-Webcam-R-276.png,20.86,0.759
Table_Rock_0-0-Webcam-R-277.png,20.85,0.757
Table_Rock_0-0-Webcam-R-278.png,20.77,0.755
Table_Rock_0-0-Webcam-R-279.png,21.08,0.762
Table_Rock_0-0-Webcam-R-280.png,20.90,0.758
Table_Rock_0-0-Webcam-R-281.png,20.96,0.760
Table_Rock_0-0-Webcam-R-282.png,21.21,0.770
Table_Rock_0-0-Webcam-R-283.png,21.13,0.768
Table_Rock_0-0-Webcam-R-284.png,20.92,0.761
Table_Rock_0-0-Webcam-R-285.png,20.84,0.758
Table_Rock_0-0-Webcam-R-286.png,21.03,0.763
Table_Rock_0-0-Webcam-R-287.png,21.03,0.763
Table_Rock_0-0-Webcam-R-288.png,20.96,0.760
Table_Rock_0-0-Webcam-R-289.png,20.94,0.760
Table_Rock_0-0-Webcam-R-290.png,20.74,0.749
Table_Rock_0-0-Webcam-R-291.png,20.73,0.752
Table_Rock_0-0-Webcam-R-292.png,20.88,0.757
Table_Rock_0-0-Webcam-R-293.png,20.88,0.756
Table_Rock_0-0-Webcam-R-294.png,20.96,0.752
Table_Rock_0-0-Webcam-R-295.png,20.68,0.750
Table_Rock_0-0-Webcam-R-296.png,20.83,0.756
Table_Rock_0-0-Webcam-R-297.png,20.69,0.750
Table_Rock_0-0-Webcam-R-298.png,20.63,0.751
Table_Rock_0-0-Webcam-R-299.png,20.63,0.751
Winter_Garden_0-1-Webcam-R-000.png,19.22,0.615
Winter_Garden_0-1-Webcam-R-001.png,19.37,0.625
Winter_Garden_0-1-Webcam-R-002.png,19.50,0.627
Winter_Garden_0-1-Webcam-R-003.png,19.41,0.624
Winter_Garden_0-1-Webcam-R-004.png,19.48,0.624
Winter_Garden_0-1-Webcam-R-005.png,19.39,0.621
Winter_Garden_0-1-Webcam-R-006.png,19.28,0.616
Winter_Garden_0-1-Webcam-R-007.png,19.40,0.623
Winter_Garden_0-1-Webcam-R-008.png,19.36,0.618
Winter_Garden_0-1-Webcam-R-009.png,19.42,0.620
Winter_Garden_0-1-Webcam-R-010.png,19.42,0.618
Winter_Garden_0-1-Webcam-R-011.png,19.50,0.625
Winter_Garden_0-1-Webcam-R-012.png,19.35,0.612
Winter_Garden_0-1-Webcam-R-013.png,19.36,0.613
Winter_Garden_0-1-Webcam-R-014.png,19.34,0.614
Winter_Garden_0-1-Webcam-R-015.png,19.44,0.616
Winter_Garden_0-1-Webcam-R-016.png,19.33,0.615
Winter_Garden_0-1-Webcam-R-017.png,19.40,0.615
Winter_Garden_0-1-Webcam-R-018.png,19.34,0.614
Winter_Garden_0-1-Webcam-R-019.png,19.34,0.615
Winter_Garden_0-1-Webcam-R-020.png,19.34,0.614
Winter_Garden_0-1-Webcam-R-021.png,19.26,0.615
Winter_Garden_0-1-Webcam-R-022.png,19.35,0.618
Winter_Garden_0-1-Webcam-R-023.png,19.26,0.612
Winter_Garden_0-1-Webcam-R-024.png,19.10,0.592
Winter_Garden_0-1-Webcam-R-025.png,19.23,0.601
Winter_Garden_0-1-Webcam-R-026.png,19.23,0.602
Winter_Garden_0-1-Webcam-R-027.png,19.25,0.607
Winter_Garden_0-1-Webcam-R-028.png,19.31,0.615
Winter_Garden_0-1-Webcam-R-029.png,19.22,0.608
Winter_Garden_0-1-Webcam-R-030.png,19.23,0.605
Winter_Garden_0-1-Webcam-R-031.png,19.24,0.607
Winter_Garden_0-1-Webcam-R-032.png,19.21,0.601
Winter_Garden_0-1-Webcam-R-033.png,19.26,0.604
Winter_Garden_0-1-Webcam-R-034.png,19.14,0.593
Winter_Garden_0-1-Webcam-R-035.png,19.12,0.594
Winter_Garden_0-1-Webcam-R-036.png,19.12,0.593
Winter_Garden_0-1-Webcam-R-037.png,19.17,0.596
Winter_Garden_0-1-Webcam-R-038.png,19.16,0.596
Winter_Garden_0-1-Webcam-R-039.png,19.15,0.599
Winter_Garden_0-1-Webcam-R-040.png,19.17,0.602
Winter_Garden_0-1-Webcam-R-041.png,19.09,0.593
Winter_Garden_0-1-Webcam-R-042.png,19.10,0.591
Winter_Garden_0-1-Webcam-R-043.png,19.19,0.595
Winter_Garden_0-1-Webcam-R-044.png,19.17,0.595
Winter_Garden_0-1-Webcam-R-045.png,19.19,0.598
Winter_Garden_0-1-Webcam-R-046.png,19.22,0.603
Winter_Garden_0-1-Webcam-R-047.png,19.23,0.607
Winter_Garden_0-1-Webcam-R-048.png,18.67,0.557
Winter_Garden_0-1-Webcam-R-049.png,18.70,0.559
Winter_Garden_0-1-Webcam-R-050.png,18.91,0.581
Winter_Garden_0-1-Webcam-R-051.png,18.97,0.583
Winter_Garden_0-1-Webcam-R-052.png,19.19,0.588
Winter_Garden_0-1-Webcam-R-053.png,19.25,0.593
Winter_Garden_0-1-Webcam-R-054.png,19.25,0.597
Winter_Garden_0-1-Webcam-R-055.png,19.28,0.603
Winter_Garden_0-1-Webcam-R-056.png,19.33,0.605
Winter_Garden_0-1-Webcam-R-057.png,19.47,0.611
Winter_Garden_0-1-Webcam-R-058.png,19.29,0.606
Winter_Garden_0-1-Webcam-R-059.png,19.37,0.601
Winter_Garden_0-1-Webcam-R-060.png,19.24,0.598
Winter_Garden_0-1-Webcam-R-061.png,19.30,0.597
Winter_Garden_0-1-Webcam-R-062.png,18.82,0.593
Winter_Garden_0-1-Webcam-R-063.png,19.02,0.598
Winter_Garden_0-1-Webcam-R-064.png,19.04,0.604
Winter_Garden_0-1-Webcam-R-065.png,19.09,0.605
Winter_Garden_0-1-Webcam-R-066.png,19.09,0.605
Winter_Garden_0-1-Webcam-R-067.png,19.24,0.613
Winter_Garden_0-1-Webcam-R-068.png,19.16,0.613
Winter_Garden_0-1-Webcam-R-069.png,19.27,0.617
Winter_Garden_0-1-Webcam-R-070.png,19.26,0.619
Winter_Garden_0-1-Webcam-R-071.png,19.26,0.617
Winter_Garden_0-1-Webcam-R-072.png,19.20,0.609
Winter_Garden_0-1-Webcam-R-073.png,19.30,0.610
Winter_Garden_0-1-Webcam-R-074.png,19.36,0.612
Winter_Garden_0-1-Webcam-R-075.png,19.34,0.613
Winter_Garden_0-1-Webcam-R-076.png,19.22,0.614
Winter_Garden_0-1-Webcam-R-077.png,19.31,0.615
Winter_Garden_0-1-Webcam-R-078.png,19.26,0.616
Winter_Garden_0-1-Webcam-R-079.png,19.29,0.617
Winter_Garden_0-1-Webcam-R-080.png,19.26,0.616
Winter_Garden_0-1-Webcam-R-081.png,19.22,0.605
Winter_Garden_0-1-Webcam-R-082.png,19.25,0.605
Winter_Garden_0-1-Webcam-R-083.png,19.28,0.614
Winter_Garden_0-1-Webcam-R-084.png,19.21,0.607
Winter_Garden_0-1-Webcam-R-085.png,19.14,0.600
Winter_Garden_0-1-Webcam-R-086.png,19.39,0.610
Winter_Garden_0-1-Webcam-R-087.png,19.38,0.613
Winter_Garden_0-1-Webcam-R-088.png,19.29,0.605
Winter_Garden_0-1-Webcam-R-089.png,19.32,0.612
Winter_Garden_0-1-Webcam-R-090.png,19.28,0.611
Winter_Garden_0-1-Webcam-R-091.png,19.24,0.611
Winter_Garden_0-1-Webcam-R-092.png,19.31,0.612
Winter_Garden_0-1-Webcam-R-093.png,19.38,0.612
Winter_Garden_0-1-Webcam-R-094.png,19.48,0.624
Winter_Garden_0-1-Webcam-R-095.png,19.31,0.611
Winter_Garden_0-1-Webcam-R-096.png,19.36,0.620
Winter_Garden_0-1-Webcam-R-097.png,19.37,0.622
Winter_Garden_0-1-Webcam-R-098.png,19.33,0.622
Winter_Garden_0-1-Webcam-R-099.png,19.41,0.625
Winter_Garden_0-1-Webcam-R-100.png,19.48,0.631
Winter_Garden_0-1-Webcam-R-101.png,19.41,0.625
Winter_Garden_0-1-Webcam-R-102.png,19.42,0.626
Winter_Garden_0-1-Webcam-R-103.png,19.34,0.628
Winter_Garden_0-1-Webcam-R-104.png,19.51,0.631
Winter_Garden_0-1-Webcam-R-105.png,19.52,0.633
Winter_Garden_0-1-Webcam-R-106.png,19.52,0.634
Winter_Garden_0-1-Webcam-R-107.png,19.42,0.624
Winter_Garden_0-1-Webcam-R-108.png,19.26,0.611
Winter_Garden_0-1-Webcam-R-109.png,19.30,0.621
Winter_Garden_0-1-Webcam-R-110.png,19.31,0.623
Winter_Garden_0-1-Webcam-R-111.png,19.31,0.624
Winter_Garden_0-1-Webcam-R-112.png,19.23,0.626
Winter_Garden_0-1-Webcam-R-113.png,19.16,0.618
Winter_Garden_0-1-Webcam-R-114.png,19.18,0.619
Winter_Garden_0-1-Webcam-R-115.png,19.22,0.616
Winter_Garden_0-1-Webcam-R-116.png,19.28,0.613
Winter_Garden_0-1-Webcam-R-117.png,19.19,0.611
Winter_Garden_0-1-Webcam-R-118.png,19.29,0.607
Winter_Garden_0-1-Webcam-R-119.png,19.26,0.607
Winter_Garden_0-1-Webcam-R-120.png,19.15,0.596
Winter_Garden_0-1-Webcam-R-121.png,19.09,0.588
Winter_Garden_0-1-Webcam-R-122.png,18.72,0.556
Winter_Garden_0-1-Webcam-R-123.png,18.70,0.556
Winter_Garden_0-1-Webcam-R-124.png,18.70,0.561
Winter_Garden_0-1-Webcam-R-125.png,18.78,0.564
Winter_Garden_0-1-Webcam-R-126.png,18.74,0.569
Winter_Garden_0-1-Webcam-R-127.png,18.74,0.569
Winter_Garden_0-1-Webcam-R-128.png,18.71,0.568
Winter_Garden_0-1-Webcam-R-129.png,18.70,0.565
Winter_Garden_0-1-Webcam-R-130.png,18.66,0.565
Winter_Garden_0-1-Webcam-R-131.png,18.70,0.569
Winter_Garden_0-1-Webcam-R-132.png,18.71,0.571
Winter_Garden_0-1-Webcam-R-133.png,18.75,0.572
Winter_Garden_0-1-Webcam-R-134.png,18.90,0.577
Winter_Garden_0-1-Webcam-R-135.png,18.90,0.578
Winter_Garden_0-1-Webcam-R-136.png,19.03,0.583
Winter_Garden_0-1-Webcam-R-137.png,19.01,0.584
Winter_Garden_0-1-Webcam-R-138.png,18.84,0.573
Winter_Garden_0-1-Webcam-R-139.png,18.87,0.575
Winter_Garden_0-1-Webcam-R-140.png,18.72,0.571
Winter_Garden_0-1-Webcam-R-141.png,18.99,0.578
Winter_Garden_0-1-Webcam-R-142.png,18.98,0.578
Winter_Garden_0-1-Webcam-R-143.png,18.88,0.576
Winter_Garden_0-1-Webcam-R-144.png,18.92,0.576
Winter_Garden_0-1-Webcam-R-145.png,18.88,0.580
Winter_Garden_0-1-Webcam-R-146.png,18.87,0.580
Winter_Garden_0-1-Webcam-R-147.png,18.93,0.583
Winter_Garden_0-1-Webcam-R-148.png,18.93,0.581
Winter_Garden_0-1-Webcam-R-149.png,19.01,0.586
Winter_Garden_0-1-Webcam-R-150.png,19.02,0.587
Winter_Garden_0-1-Webcam-R-151.png,19.07,0.593
Winter_Garden_0-1-Webcam-R-152.png,18.97,0.589
Winter_Garden_0-1-Webcam-R-153.png,19.08,0.601
Winter_Garden_0-1-Webcam-R-154.png,18.90,0.586
Winter_Garden_0-1-Webcam-R-155.png,19.05,0.591
Winter_Garden_0-1-Webcam-R-156.png,19.03,0.590
Winter_Garden_0-1-Webcam-R-157.png,19.01,0.581
Winter_Garden_0-1-Webcam-R-158.png,19.05,0.583
Winter_Garden_0-1-Webcam-R-159.png,19.04,0.585
Winter_Garden_0-1-Webcam-R-160.png,19.07,0.586
Winter_Garden_0-1-Webcam-R-161.png,18.99,0.584
Winter_Garden_0-1-Webcam-R-162.png,18.85,0.578
Winter_Garden_0-1-Webcam-R-163.png,18.83,0.577
Winter_Garden_0-1-Webcam-R-164.png,18.95,0.574
Winter_Garden_0-1-Webcam-R-165.png,18.93,0.574
Winter_Garden_0-1-Webcam-R-166.png,18.93,0.577
Winter_Garden_0-1-Webcam-R-167.png,18.89,0.573
Winter_Garden_0-1-Webcam-R-168.png,18.90,0.574
Winter_Garden_0-1-Webcam-R-169.png,18.67,0.551
Winter_Garden_0-1-Webcam-R-170.png,18.68,0.552
Winter_Garden_0-1-Webcam-R-171.png,18.81,0.565
Winter_Garden_0-1-Webcam-R-172.png,18.85,0.565
Winter_Garden_0-1-Webcam-R-173.png,18.84,0.566
Winter_Garden_0-1-Webcam-R-174.png,18.85,0.566
Winter_Garden_0-1-Webcam-R-175.png,18.90,0.566
Winter_Garden_0-1-Webcam-R-176.png,18.75,0.558
Winter_Garden_0-1-Webcam-R-177.png,18.66,0.555
Winter_Garden_0-1-Webcam-R-178.png,18.63,0.555
Winter_Garden_0-1-Webcam-R-179.png,18.62,0.555
Winter_Garden_0-1-Webcam-R-180.png,18.70,0.560
Winter_Garden_0-1-Webcam-R-181.png,18.65,0.558
Winter_Garden_0-1-Webcam-R-182.png,18.80,0.562
Winter_Garden_0-1-Webcam-R-183.png,18.87,0.570
Winter_Garden_0-1-Webcam-R-184.png,18.79,0.567
Winter_Garden_0-1-Webcam-R-185.png,18.81,0.578
Winter_Garden_0-1-Webcam-R-186.png,18.79,0.576
Winter_Garden_0-1-Webcam-R-187.png,18.76,0.574
Winter_Garden_0-1-Webcam-R-188.png,18.84,0.568
Winter_Garden_0-1-Webcam-R-189.png,18.85,0.569
Winter_Garden_0-1-Webcam-R-190.png,18.99,0.577
Winter_Garden_0-1-Webcam-R-191.png,18.98,0.577
Winter_Garden_0-1-Webcam-R-192.png,19.02,0.579
Winter_Garden_0-1-Webcam-R-193.png,19.00,0.584
Winter_Garden_0-1-Webcam-R-194.png,19.03,0.588
Winter_Garden_0-1-Webcam-R-195.png,18.97,0.584
Winter_Garden_0-1-Webcam-R-196.png,18.95,0.583
Winter_Garden_0-1-Webcam-R-197.png,19.01,0.582
Winter_Garden_0-1-Webcam-R-198.png,19.02,0.578
Winter_Garden_0-1-Webcam-R-199.png,19.03,0.579
Winter_Garden_0-1-Webcam-R-200.png,19.05,0.584
Winter_Garden_0-1-Webcam-R-201.png,19.03,0.587
Winter_Garden_0-1-Webcam-R-202.png,19.03,0.586
Winter_Garden_0-1-Webcam-R-203.png,19.02,0.587
Winter_Garden_0-1-Webcam-R-204.png,19.02,0.588
Winter_Garden_0-1-Webcam-R-205.png,19.08,0.591
Winter_Garden_0-1-Webcam-R-206.png,19.06,0.591
Winter_Garden_0-1-Webcam-R-207.png,19.10,0.593
Winter_Garden_0-1-Webcam-R-208.png,19.16,0.594
Winter_Garden_0-1-Webcam-R-209.png,19.08,0.592
Winter_Garden_0-1-Webcam-R-210.png,19.03,0.592
Winter_Garden_0-1-Webcam-R-211.png,19.17,0.597
Winter_Garden_0-1-Webcam-R-212.png,18.90,0.590
Winter_Garden_0-1-Webcam-R-213.png,18.74,0.556
Winter_Garden_0-1-Webcam-R-214.png,18.97,0.577
Winter_Garden_0-1-Webcam-R-215.png,19.06,0.582
Winter_Garden_0-1-Webcam-R-216.png,19.07,0.593
Winter_Garden_0-1-Webcam-R-217.png,18.92,0.584
Winter_Garden_0-1-Webcam-R-218.png,18.91,0.585
Winter_Garden_0-1-Webcam-R-219.png,18.76,0.572
Winter_Garden_0-1-Webcam-R-220.png,18.83,0.574
Winter_Garden_0-1-Webcam-R-221.png,18.82,0.579
Winter_Garden_0-1-Webcam-R-222.png,18.79,0.578
Winter_Garden_0-1-Webcam-R-223.png,18.92,0.578
Winter_Garden_0-1-Webcam-R-224.png,18.91,0.578
Winter_Garden_0-1-Webcam-R-225.png,18.86,0.575
Winter_Garden_0-1-Webcam-R-226.png,19.01,0.580
Winter_Garden_0-1-Webcam-R-227.png,18.82,0.575
Winter_Garden_0-1-Webcam-R-228.png,18.79,0.575
Winter_Garden_0-1-Webcam-R-229.png,18.80,0.569
Winter_Garden_0-1-Webcam-R-230.png,18.79,0.569
Winter_Garden_0-1-Webcam-R-231.png,18.90,0.575
Winter_Garden_0-1-Webcam-R-232.png,18.92,0.582
Winter_Garden_0-1-Webcam-R-233.png,18.99,0.583
Winter_Garden_0-1-Webcam-R-234.png,19.09,0.587
Winter_Garden_0-1-Webcam-R-235.png,19.09,0.587
Winter_Garden_0-1-Webcam-R-236.png,19.14,0.591
Winter_Garden_0-1-Webcam-R-237.png,19.13,0.592
Winter_Garden_0-1-Webcam-R-238.png,19.13,0.594
Winter_Garden_0-1-Webcam-R-239.png,19.15,0.595
Winter_Garden_0-1-Webcam-R-240.png,19.16,0.595
Winter_Garden_0-1-Webcam-R-241.png,19.24,0.595
Winter_Garden_0-1-Webcam-R-242.png,19.02,0.589
Winter_Garden_0-1-Webcam-R-243.png,19.00,0.588
Winter_Garden_0-1-Webcam-R-244.png,18.92,0.586
Winter_Garden_0-1-Webcam-R-245.png,19.04,0.595
Winter_Garden_0-1-Webcam-R-246.png,19.10,0.596
Winter_Garden_0-1-Webcam-R-247.png,19.13,0.596
Winter_Garden_0-1-Webcam-R-248.png,19.13,0.595
Winter_Garden_0-1-Webcam-R-249.png,19.15,0.590
Winter_Garden_0-1-Webcam-R-250.png,19.08,0.592
Winter_Garden_0-1-Webcam-R-251.png,19.06,0.591
Winter_Garden_0-1-Webcam-R-252.png,18.96,0.586
Winter_Garden_0-1-Webcam-R-253.png,18.97,0.588
Winter_Garden_0-1-Webcam-R-254.png,19.02,0.584
Winter_Garden_0-1-Webcam-R-255.png,18.84,0.579
Winter_Garden_0-1-Webcam-R-256.png,18.81,0.579
Winter_Garden_0-1-Webcam-R-257.png,18.88,0.578
Winter_Garden_0-1-Webcam-R-258.png,18.89,0.586
Winter_Garden_0-1-Webcam-R-259.png,18.99,0.582
Winter_Garden_0-1-Webcam-R-260.png,19.01,0.579
Winter_Garden_0-1-Webcam-R-261.png,19.01,0.579
Winter_Garden_0-1-Webcam-R-262.png,18.84,0.571
Winter_Garden_0-1-Webcam-R-263.png,18.94,0.579
Winter_Garden_0-1-Webcam-R-264.png,19.02,0.581
Winter_Garden_0-1-Webcam-R-265.png,19.00,0.575
Winter_Garden_0-1-Webcam-R-266.png,19.06,0.583
Winter_Garden_0-1-Webcam-R-267.png,18.93,0.574
Winter_Garden_0-1-Webcam-R-268.png,18.97,0.576
Winter_Garden_0-1-Webcam-R-269.png,18.95,0.581
Winter_Garden_0-1-Webcam-R-270.png,18.99,0.585
Winter_Garden_0-1-Webcam-R-271.png,19.01,0.585
Winter_Garden_0-1-Webcam-R-272.png,18.99,0.586
Winter_Garden_0-1-Webcam-R-273.png,19.05,0.587
Winter_Garden_0-1-Webcam-R-274.png,19.16,0.593
Winter_Garden_0-1-Webcam-R-275.png,19.04,0.587
Winter_Garden_0-1-Webcam-R-276.png,19.20,0.593
Winter_Garden_0-1-Webcam-R-277.png,19.17,0.593
Winter_Garden_0-1-Webcam-R-278.png,19.16,0.596
Winter_Garden_0-1-Webcam-R-279.png,19.31,0.598
Winter_Garden_0-1-Webcam-R-280.png,19.23,0.591
Winter_Garden_0-1-Webcam-R-281.png,19.20,0.590
Winter_Garden_0-1-Webcam-R-282.png,19.21,0.592
Winter_Garden_0-1-Webcam-R-283.png,19.24,0.600
Winter_Garden_0-1-Webcam-R-284.png,19.25,0.600
Winter_Garden_0-1-Webcam-R-285.png,19.24,0.593
Winter_Garden_0-1-Webcam-R-286.png,19.20,0.593
Winter_Garden_0-1-Webcam-R-287.png,19.13,0.589
Winter_Garden_0-1-Webcam-R-288.png,19.11,0.590
Winter_Garden_0-1-Webcam-R-289.png,19.16,0.590
Winter_Garden_0-1-Webcam-R-290.png,19.13,0.597
Winter_Garden_0-1-Webcam-R-291.png,19.18,0.598
Winter_Garden_0-1-Webcam-R-292.png,19.14,0.596
Winter_Garden_0-1-Webcam-R-293.png,19.21,0.600
Winter_Garden_0-1-Webcam-R-294.png,18.95,0.578
Winter_Garden_0-1-Webcam-R-295.png,18.98,0.586
Winter_Garden_0-1-Webcam-R-296.png,18.90,0.591
Winter_Garden_0-1-Webcam-R-297.png,18.89,0.591
Winter_Garden_0-1-Webcam-R-298.png,19.11,0.598
Winter_Garden_0-1-Webcam-R-299.png,19.02,0.590
Winter_Garden_0-4-Webcam-R-000.png,16.16,0.379
Winter_Garden_0-4-Webcam-R-001.png,16.21,0.384
Winter_Garden_0-4-Webcam-R-002.png,16.23,0.381
Winter_Garden_0-4-Webcam-R-003.png,16.15,0.384
Winter_Garden_0-4-Webcam-R-004.png,16.79,0.394
Winter_Garden_0-4-Webcam-R-005.png,15.79,0.367
Winter_Garden_0-4-Webcam-R-006.png,15.91,0.371
Winter_Garden_0-4-Webcam-R-007.png,15.82,0.367
Winter_Garden_0-4-Webcam-R-008.png,15.81,0.367
Winter_Garden_0-4-Webcam-R-009.png,16.13,0.381
Winter_Garden_0-4-Webcam-R-010.png,16.26,0.385
Winter_Garden_0-4-Webcam-R-011.png,16.54,0.387
Winter_Garden_0-4-Webcam-R-012.png,16.39,0.385
Winter_Garden_0-4-Webcam-R-013.png,16.53,0.394
Winter_Garden_0-4-Webcam-R-014.png,16.48,0.387
Winter_Garden_0-4-Webcam-R-015.png,16.85,0.391
Winter_Garden_0-4-Webcam-R-016.png,16.73,0.398
Winter_Garden_0-4-Webcam-R-017.png,16.36,0.383
Winter_Garden_0-4-Webcam-R-018.png,16.54,0.391
Winter_Garden_0-4-Webcam-R-019.png,16.28,0.389
Winter_Garden_0-4-Webcam-R-020.png,16.29,0.386
Winter_Garden_0-4-Webcam-R-021.png,16.13,0.387
Winter_Garden_0-4-Webcam-R-022.png,15.82,0.374
Winter_Garden_0-4-Webcam-R-023.png,16.20,0.384
Winter_Garden_0-4-Webcam-R-024.png,16.49,0.379
Winter_Garden_0-4-Webcam-R-025.png,16.37,0.385
Winter_Garden_0-4-Webcam-R-026.png,16.50,0.381
Winter_Garden_0-4-Webcam-R-027.png,16.34,0.380
Winter_Garden_0-4-Webcam-R-028.png,16.49,0.381
Winter_Garden_0-4-Webcam-R-029.png,16.18,0.373
Winter_Garden_0-4-Webcam-R-030.png,16.08,0.372
Winter_Garden_0-4-Webcam-R-031.png,16.51,0.380
Winter_Garden_0-4-Webcam-R-032.png,16.36,0.364
Winter_Garden_0-4-Webcam-R-033.png,16.65,0.373
Winter_Garden_0-4-Webcam-R-034.png,16.24,0.371
Winter_Garden_0-4-Webcam-R-035.png,16.41,0.369
Winter_Garden_0-4-Webcam-R-036.png,16.68,0.380
Winter_Garden_0-4-Webcam-R-037.png,15.95,0.357
Winter_Garden_0-4-Webcam-R-038.png,16.00,0.358
Winter_Garden_0-4-Webcam-R-039.png,15.92,0.364
Winter_Garden_0-4-Webcam-R-040.png,16.21,0.369
Winter_Garden_0-4-Webcam-R-041.png,16.33,0.378
Winter_Garden_0-4-Webcam-R-042.png,16.51,0.380
Winter_Garden_0-4-Webcam-R-043.png,16.23,0.367
Winter_Garden_0-4-Webcam-R-044.png,16.08,0.360
Winter_Garden_0-4-Webcam-R-045.png,16.27,0.368
Winter_Garden_0-4-Webcam-R-046.png,16.09,0.364
Winter_Garden_0-4-Webcam-R-047.png,15.94,0.359
Winter_Garden_0-4-Webcam-R-048.png,15.87,0.355
Winter_Garden_0-4-Webcam-R-049.png,15.38,0.348
Winter_Garden_0-4-Webcam-R-050.png,15.91,0.362
Winter_Garden_0-4-Webcam-R-051.png,16.38,0.372
Winter_Garden_0-4-Webcam-R-052.png,16.58,0.369
Winter_Garden_0-4-Webcam-R-053.png,16.29,0.370
Winter_Garden_0-4-Webcam-R-054.png,15.87,0.363
Winter_Garden_0-4-Webcam-R-055.png,15.71,0.348
Winter_Garden_0-4-Webcam-R-056.png,15.57,0.346
Winter_Garden_0-4-Webcam-R-057.png,15.91,0.355
Winter_Garden_0-4-Webcam-R-058.png,15.93,0.351
Winter_Garden_0-4-Webcam-R-059.png,15.23,0.331
Winter_Garden_0-4-Webcam-R-060.png,15.71,0.347
Winter_Garden_0-4-Webcam-R-061.png,15.44,0.334
Winter_Garden_0-4-Webcam-R-062.png,15.56,0.339
Winter_Garden_0-4-Webcam-R-063.png,15.29,0.333
Winter_Garden_0-4-Webcam-R-064.png,15.73,0.353
Winter_Garden_0-4-Webcam-R-065.png,15.27,0.341
Winter_Garden_0-4-Webcam-R-066.png,15.80,0.355
Winter_Garden_0-4-Webcam-R-067.png,16.10,0.361
Winter_Garden_0-4-Webcam-R-068.png,15.66,0.348
Winter_Garden_0-4-Webcam-R-069.png,15.41,0.339
Winter_Garden_0-4-Webcam-R-070.png,15.39,0.342
Winter_Garden_0-4-Webcam-R-071.png,15.44,0.342
Winter_Garden_0-4-Webcam-R-072.png,15.75,0.344
Winter_Garden_0-4-Webcam-R-073.png,15.41,0.339
Winter_Garden_0-4-Webcam-R-074.png,15.49,0.341
Winter_Garden_0-4-Webcam-R-075.png,15.80,0.349
Winter_Garden_0-4-Webcam-R-076.png,15.46,0.336
Winter_Garden_0-4-Webcam-R-077.png,15.45,0.332
Winter_Garden_0-4-Webcam-R-078.png,15.53,0.338
Winter_Garden_0-4-Webcam-R-079.png,15.92,0.349
Winter_Garden_0-4-Webcam-R-080.png,15.70,0.345
Winter_Garden_0-4-Webcam-R-081.png,15.57,0.341
Winter_Garden_0-4-Webcam-R-082.png,15.22,0.333
Winter_Garden_0-4-Webcam-R-083.png,15.43,0.341
Winter_Garden_0-4-Webcam-R-084.png,15.31,0.324
Winter_Garden_0-4-Webcam-R-085.png,15.54,0.329
Winter_Garden_0-4-Webcam-R-086.png,15.61,0.320
Winter_Garden_0-4-Webcam-R-087.png,15.44,0.322
Winter_Garden_0-4-Webcam-R-088.png,15.89,0.335
Winter_Garden_0-4-Webcam-R-089.png,15.66,0.336
Winter_Garden_0-4-Webcam-R-090.png,15.72,0.337
Winter_Garden_0-4-Webcam-R-091.png,15.84,0.340
Winter_Garden_0-4-Webcam-R-092.png,15.91,0.332
Winter_Garden_0-4-Webcam-R-093.png,15.95,0.348
Winter_Garden_0-4-Webcam-R-094.png,15.81,0.348
Winter_Garden_0-4-Webcam-R-095.png,15.03,0.317
Winter_Garden_0-4-Webcam-R-096.png,16.10,0.338
Winter_Garden_0-4-Webcam-R-097.png,15.86,0.343
Winter_Garden_0-4-Webcam-R-098.png,15.51,0.334
Winter_Garden_0-4-Webcam-R-099.png,15.68,0.342
Winter_Garden_0-4-Webcam-R-100.png,15.49,0.339
Winter_Garden_0-4-Webcam-R-101.png,15.51,0.341
Winter_Garden_0-4-Webcam-R-102.png,15.74,0.336
Winter_Garden_0-4-Webcam-R-103.png,15.58,0.342
Winter_Garden_0-4-Webcam-R-104.png,15.92,0.343
Winter_Garden_0-4-Webcam-R-105.png,15.30,0.336
Winter_Garden_0-4-Webcam-R-106.png,15.46,0.342
Winter_Garden_0-4-Webcam-R-107.png,15.71,0.350
Winter_Garden_0-4-Webcam-R-108.png,15.84,0.354
Winter_Garden_0-4-Webcam-R-109.png,15.85,0.359
Winter_Garden_0-4-Webcam-R-110.png,15.51,0.357
Winter_Garden_0-4-Webcam-R-111.png,15.82,0.359
Winter_Garden_0-4-Webcam-R-112.png,15.82,0.371
Winter_Garden_0-4-Webcam-R-113.png,15.92,0.355
Winter_Garden_0-4-Webcam-R-114.png,15.60,0.351
Winter_Garden_0-4-Webcam-R-115.png,15.20,0.338
Winter_Garden_0-4-Webcam-R-116.png,15.42,0.355
Winter_Garden_0-4-Webcam-R-117.png,15.51,0.358
Winter_Garden_0-4-Webcam-R-118.png,15.50,0.355
Winter_Garden_0-4-Webcam-R-119.png,15.93,0.372
Winter_Garden_0-4-Webcam-R-120.png,15.85,0.358
Winter_Garden_0-4-Webcam-R-121.png,15.91,0.363
Winter_Garden_0-4-Webcam-R-122.png,16.00,0.371
Winter_Garden_0-4-Webcam-R-123.png,15.85,0.368
Winter_Garden_0-4-Webcam-R-124.png,15.72,0.371
Winter_Garden_0-4-Webcam-R-125.png,15.58,0.354
Winter_Garden_0-4-Webcam-R-126.png,15.85,0.364
Winter_Garden_0-4-Webcam-R-127.png,15.85,0.362
Winter_Garden_0-4-Webcam-R-128.png,16.07,0.361
Winter_Garden_0-4-Webcam-R-129.png,15.81,0.363
Winter_Garden_0-4-Webcam-R-130.png,15.94,0.356
Winter_Garden_0-4-Webcam-R-131.png,15.94,0.365
Winter_Garden_0-4-Webcam-R-132.png,16.33,0.374
Winter_Garden_0-4-Webcam-R-133.png,16.27,0.369
Winter_Garden_0-4-Webcam-R-134.png,16.05,0.367
Winter_Garden_0-4-Webcam-R-135.png,15.67,0.358
Winter_Garden_0-4-Webcam-R-136.png,15.65,0.364
Winter_Garden_0-4-Webcam-R-137.png,15.89,0.375
Winter_Garden_0-4-Webcam-R-138.png,16.21,0.386
Winter_Garden_0-4-Webcam-R-139.png,16.13,0.381
Winter_Garden_0-4-Webcam-R-140.png,15.94,0.371
Winter_Garden_0-4-Webcam-R-141.png,16.03,0.374
Winter_Garden_0-4-Webcam-R-142.png,16.04,0.377
Winter_Garden_0-4-Webcam-R-143.png,16.21,0.376
Winter_Garden_0-4-Webcam-R-144.png,16.44,0.381
Winter_Garden_0-4-Webcam-R-145.png,15.13,0.343
Winter_Garden_0-4-Webcam-R-146.png,15.75,0.356
Winter_Garden_0-4-Webcam-R-147.png,15.61,0.355
Winter_Garden_0-4-Webcam-R-148.png,15.48,0.359
Winter_Garden_0-4-Webcam-R-149.png,15.93,0.358
Winter_Garden_0-4-Webcam-R-150.png,16.00,0.372
Winter_Garden_0-4-Webcam-R-151.png,15.95,0.363
Winter_Garden_0-4-Webcam-R-152.png,16.03,0.362
Winter_Garden_0-4-Webcam-R-153.png,15.93,0.365
Winter_Garden_0-4-Webcam-R-154.png,16.30,0.380
Winter_Garden_0-4-Webcam-R-155.png,15.43,0.358
Winter_Garden_0-4-Webcam-R-156.png,15.84,0.369
Winter_Garden_0-4-Webcam-R-157.png,15.77,0.372
Winter_Garden_0-4-Webcam-R-158.png,16.00,0.378
Winter_Garden_0-4-Webcam-R-159.png,16.07,0.384
Winter_Garden_0-4-Webcam-R-160.png,15.93,0.374
Winter_Garden_0-4-Webcam-R-161.png,16.12,0.377
Winter_Garden_0-4-Webcam-R-162.png,16.49,0.385
Winter_Garden_0-4-Webcam-R-163.png,15.97,0.373
Winter_Garden_0-4-Webcam-R-164.png,16.15,0.373
Winter_Garden_0-4-Webcam-R-165.png,15.55,0.359
Winter_Garden_0-4-Webcam-R-166.png,16.00,0.371
Winter_Garden_0-4-Webcam-R-167.png,15.59,0.364
Winter_Garden_0-4-Webcam-R-168.png,15.79,0.375
Winter_Garden_0-4-Webcam-R-169.png,16.05,0.373
Winter_Garden_0-4-Webcam-R-170.png,15.97,0.375
Winter_Garden_0-4-Webcam-R-171.png,15.90,0.370
Winter_Garden_0-4-Webcam-R-172.png,16.19,0.384
Winter_Garden_0-4-Webcam-R-173.png,16.16,0.375
Winter_Garden_0-4-Webcam-R-174.png,15.93,0.371
Winter_Garden_0-4-Webcam-R-175.png,15.56,0.355
Winter_Garden_0-4-Webcam-R-176.png,15.19,0.352
Winter_Garden_0-4-Webcam-R-177.png,15.55,0.360
Winter_Garden_0-4-Webcam-R-178.png,15.71,0.362
Winter_Garden_0-4-Webcam-R-179.png,15.53,0.368
Winter_Garden_0-4-Webcam-R-180.png,15.31,0.365
Winter_Garden_0-4-Webcam-R-181.png,15.68,0.374
Winter_Garden_0-4-Webcam-R-182.png,15.80,0.380
Winter_Garden_0-4-Webcam-R-183.png,16.10,0.378
Winter_Garden_0-4-Webcam-R-184.png,15.91,0.381
Winter_Garden_0-4-Webcam-R-185.png,15.78,0.380
Winter_Garden_0-4-Webcam-R-186.png,16.23,0.381
Winter_Garden_0-4-Webcam-R-187.png,15.93,0.378
Winter_Garden_0-4-Webcam-R-188.png,15.94,0.379
Winter_Garden_0-4-Webcam-R-189.png,16.38,0.389
Winter_Garden_0-4-Webcam-R-190.png,16.17,0.382
Winter_Garden_0-4-Webcam-R-191.png,16.40,0.382
Winter_Garden_0-4-Webcam-R-192.png,16.15,0.382
Winter_Garden_0-4-Webcam-R-193.png,16.75,0.385
Winter_Garden_0-4-Webcam-R-194.png,16.45,0.385
Winter_Garden_0-4-Webcam-R-195.png,16.01,0.376
Winter_Garden_0-4-Webcam-R-196.png,15.83,0.364
Winter_Garden_0-4-Webcam-R-197.png,16.12,0.373
Winter_Garden_0-4-Webcam-R-198.png,16.07,0.376
Winter_Garden_0-4-Webcam-R-199.png,16.05,0.369
Winter_Garden_0-4-Webcam-R-200.png,15.96,0.374
Winter_Garden_0-4-Webcam-R-201.png,16.28,0.380
Winter_Garden_0-4-Webcam-R-202.png,16.26,0.382
Winter_Garden_0-4-Webcam-R-203.png,16.18,0.371
Winter_Garden_0-4-Webcam-R-204.png,15.98,0.367
Winter_Garden_0-4-Webcam-R-205.png,14.51,0.326
Winter_Garden_0-4-Webcam-R-206.png,15.21,0.344
Winter_Garden_0-4-Webcam-R-207.png,15.31,0.352
Winter_Garden_0-4-Webcam-R-208.png,15.65,0.362
Winter_Garden_0-4-Webcam-R-209.png,15.71,0.371
Winter_Garden_0-4-Webcam-R-210.png,15.44,0.365
Winter_Garden_0-4-Webcam-R-211.png,15.59,0.374
Winter_Garden_0-4-Webcam-R-212.png,15.66,0.378
Winter_Garden_0-4-Webcam-R-213.png,15.94,0.376
Winter_Garden_0-4-Webcam-R-214.png,15.96,0.368
Winter_Garden_0-4-Webcam-R-215.png,15.81,0.367
Winter_Garden_0-4-Webcam-R-216.png,16.26,0.381
Winter_Garden_0-4-Webcam-R-217.png,16.19,0.371
Winter_Garden_0-4-Webcam-R-218.png,16.41,0.380
Winter_Garden_0-4-Webcam-R-219.png,16.25,0.373
Winter_Garden_0-4-Webcam-R-220.png,16.45,0.385
Winter_Garden_0-4-Webcam-R-221.png,16.14,0.376
Winter_Garden_0-4-Webcam-R-222.png,16.14,0.373
Winter_Garden_0-4-Webcam-R-223.png,16.00,0.375
Winter_Garden_0-4-Webcam-R-224.png,16.12,0.366
Winter_Garden_0-4-Webcam-R-225.png,15.92,0.374
Winter_Garden_0-4-Webcam-R-226.png,16.07,0.365
Winter_Garden_0-4-Webcam-R-227.png,16.05,0.376
Winter_Garden_0-4-Webcam-R-228.png,15.91,0.371
Winter_Garden_0-4-Webcam-R-229.png,16.13,0.376
Winter_Garden_0-4-Webcam-R-230.png,15.98,0.378
Winter_Garden_0-4-Webcam-R-231.png,16.13,0.379
Winter_Garden_0-4-Webcam-R-232.png,16.60,0.384
Winter_Garden_0-4-Webcam-R-233.png,16.38,0.388
Winter_Garden_0-4-Webcam-R-234.png,16.09,0.381
Winter_Garden_0-4-Webcam-R-235.png,16.13,0.380
Winter_Garden_0-4-Webcam-R-236.png,16.16,0.389
Winter_Garden_0-4-Webcam-R-237.png,16.37,0.391
Winter_Garden_0-4-Webcam-R-238.png,16.95,0.402
Winter_Garden_0-4-Webcam-R-239.png,16.80,0.402
Winter_Garden_0-4-Webcam-R-240.png,16.87,0.407
Winter_Garden_0-4-Webcam-R-241.png,16.73,0.399
Winter_Garden_0-4-Webcam-R-242.png,16.95,0.401
Winter_Garden_0-4-Webcam-R-243.png,16.86,0.401
Winter_Garden_0-4-Webcam-R-244.png,16.69,0.399
Winter_Garden_0-4-Webcam-R-245.png,16.10,0.382
Winter_Garden_0-4-Webcam-R-246.png,15.96,0.378
Winter_Garden_0-4-Webcam-R-247.png,16.29,0.385
Winter_Garden_0-4-Webcam-R-248.png,16.80,0.388
Winter_Garden_0-4-Webcam-R-249.png,16.47,0.397
Winter_Garden_0-4-Webcam-R-250.png,16.18,0.384
Winter_Garden_0-4-Webcam-R-251.png,16.15,0.371
Winter_Garden_0-4-Webcam-R-252.png,16.44,0.387
Winter_Garden_0-4-Webcam-R-253.png,16.83,0.394
Winter_Garden_0-4-Webcam-R-254.png,16.63,0.393
Winter_Garden_0-4-Webcam-R-255.png,16.03,0.373
Winter_Garden_0-4-Webcam-R-256.png,16.12,0.379
Winter_Garden_0-4-Webcam-R-257.png,16.16,0.383
Winter_Garden_0-4-Webcam-R-258.png,16.14,0.382
Winter_Garden_0-4-Webcam-R-259.png,16.17,0.373
Winter_Garden_0-4-Webcam-R-260.png,16.42,0.377
Winter_Garden_0-4-Webcam-R-261.png,16.76,0.397
Winter_Garden_0-4-Webcam-R-262.png,16.41,0.387
Winter_Garden_0-4-Webcam-R-263.png,16.69,0.391
Winter_Garden_0-4-Webcam-R-264.png,16.57,0.390
Winter_Garden_0-4-Webcam-R-265.png,14.82,0.320
Winter_Garden_0-4-Webcam-R-266.png,15.30,0.334
Winter_Garden_0-4-Webcam-R-267.png,15.77,0.353
Winter_Garden_0-4-Webcam-R-268.png,15.76,0.361
Winter_Garden_0-4-Webcam-R-269.png,16.07,0.367
Winter_Garden_0-4-Webcam-R-270.png,15.71,0.361
Winter_Garden_0-4-Webcam-R-271.png,16.09,0.370
Winter_Garden_0-4-Webcam-R-272.png,15.96,0.362
Winter_Garden_0-4-Webcam-R-273.png,16.19,0.370
Winter_Garden_0-4-Webcam-R-274.png,16.34,0.371
Winter_Garden_0-4-Webcam-R-275.png,16.33,0.371
Winter_Garden_0-4-Webcam-R-276.png,16.46,0.374
Winter_Garden_0-4-Webcam-R-277.png,16.46,0.366
Winter_Garden_0-4-Webcam-R-278.png,16.79,0.374
Winter_Garden_0-4-Webcam-R-279.png,16.64,0.376
Winter_Garden_0-4-Webcam-R-280.png,16.21,0.375
Winter_Garden_0-4-Webcam-R-281.png,16.04,0.367
Winter_Garden_0-4-Webcam-R-282.png,16.18,0.371
Winter_Garden_0-4-Webcam-R-283.png,16.38,0.381
Winter_Garden_0-4-Webcam-R-284.png,16.53,0.389
Winter_Garden_0-4-Webcam-R-285.png,15.84,0.364
Winter_Garden_0-4-Webcam-R-286.png,15.92,0.356
Winter_Garden_0-4-Webcam-R-287.png,15.92,0.356
Winter_Garden_0-4-Webcam-R-288.png,15.92,0.356
Winter_Garden_0-4-Webcam-R-289.png,15.92,0.356
Winter_Garden_0-4-Webcam-R-290.png,15.92,0.356
Winter_Garden_0-4-Webcam-R-291.png,15.92,0.356
Winter_Garden_0-4-Webcam-R-292.png,15.92,0.356
Winter_Garden_0-4-Webcam-R-293.png,15.92,0.356
Winter_Garden_0-4-Webcam-R-294.png,15.77,0.353
Winter_Garden_0-4-Webcam-R-295.png,15.77,0.353
Winter_Garden_0-4-Webcam-R-296.png,15.77,0.353
Winter_Garden_0-4-Webcam-R-297.png,15.77,0.353
Winter_Garden_0-4-Webcam-R-298.png,15.77,0.353
Winter_Garden_0-4-Webcam-R-299.png,15.77,0.353
